1425335626.07,ANXIETY_INDUCTION,strides,85
1425335626.07,ANXIETY_INDUCTION,heart_rate,80
1425335626.07,ANXIETY_INDUCTION,activity,0.0
1425335626.43,ANXIETY_INDUCTION,heartbeat_interval,0.364109277725
1425335626.8,ANXIETY_INDUCTION,strides,85
1425335626.8,ANXIETY_INDUCTION,heart_rate,80
1425335626.8,ANXIETY_INDUCTION,activity,0.0
1425335627.19,ANXIETY_INDUCTION,heartbeat_interval,0.768000125885
1425335627.85,ANXIETY_INDUCTION,heartbeat_interval,0.665369749069
1425335627.91,ANXIETY_INDUCTION,strides,85
1425335627.91,ANXIETY_INDUCTION,heart_rate,80
1425335627.91,ANXIETY_INDUCTION,activity,0.0
1425335628.56,ANXIETY_INDUCTION,heartbeat_interval,0.706685066223
1425335629.01,ANXIETY_INDUCTION,strides,85
1425335629.02,ANXIETY_INDUCTION,heart_rate,79
1425335629.02,ANXIETY_INDUCTION,activity,0.0
1425335629.29,ANXIETY_INDUCTION,heartbeat_interval,0.724810838699
1425335629.76,ANXIETY_INDUCTION,strides,85
1425335629.76,ANXIETY_INDUCTION,heart_rate,79
1425335629.76,ANXIETY_INDUCTION,activity,0.0
1425335629.97,ANXIETY_INDUCTION,heartbeat_interval,0.679243803024
1425335630.79,ANXIETY_INDUCTION,heartbeat_interval,0.819999933243
1425335630.87,ANXIETY_INDUCTION,strides,85
1425335630.87,ANXIETY_INDUCTION,heart_rate,78
1425335630.87,ANXIETY_INDUCTION,activity,0.0
1425335631.57,ANXIETY_INDUCTION,heartbeat_interval,0.78400015831
1425335631.97,ANXIETY_INDUCTION,strides,85
1425335631.98,ANXIETY_INDUCTION,heart_rate,78
1425335631.98,ANXIETY_INDUCTION,activity,0.0
1425335632.4,ANXIETY_INDUCTION,heartbeat_interval,0.835999965668
1425335633.09,ANXIETY_INDUCTION,strides,85
1425335633.09,ANXIETY_INDUCTION,heart_rate,77
1425335633.09,ANXIETY_INDUCTION,activity,0.0
1425335633.28,ANXIETY_INDUCTION,heartbeat_interval,0.859999895096
1425335633.83,ANXIETY_INDUCTION,strides,85
1425335633.83,ANXIETY_INDUCTION,heart_rate,77
1425335633.83,ANXIETY_INDUCTION,activity,0.0
1425335634.08,ANXIETY_INDUCTION,heartbeat_interval,0.808000087738
1425335634.92,ANXIETY_INDUCTION,heartbeat_interval,0.851999998093
1425335634.95,ANXIETY_INDUCTION,strides,85
1425335634.95,ANXIETY_INDUCTION,heart_rate,76
1425335634.95,ANXIETY_INDUCTION,activity,0.0
1425335635.78,ANXIETY_INDUCTION,heartbeat_interval,0.851999998093
1425335636.05,ANXIETY_INDUCTION,strides,85
1425335636.05,ANXIETY_INDUCTION,heart_rate,76
1425335636.05,ANXIETY_INDUCTION,activity,0.0
1425335636.55,ANXIETY_INDUCTION,heartbeat_interval,0.767999887466
1425335636.79,ANXIETY_INDUCTION,strides,85
1425335636.79,ANXIETY_INDUCTION,heart_rate,76
1425335636.79,ANXIETY_INDUCTION,activity,0.0
1425335637.29,ANXIETY_INDUCTION,heartbeat_interval,0.748000144958
1425335637.9,ANXIETY_INDUCTION,strides,85
1425335637.9,ANXIETY_INDUCTION,heart_rate,76
1425335637.9,ANXIETY_INDUCTION,activity,0.0
1425335638.07,ANXIETY_INDUCTION,heartbeat_interval,0.767999887466
1425335638.84,ANXIETY_INDUCTION,heartbeat_interval,0.772000074387
1425335639.01,ANXIETY_INDUCTION,strides,85
1425335639.01,ANXIETY_INDUCTION,heart_rate,76
1425335639.01,ANXIETY_INDUCTION,activity,0.0
1425335639.58,ANXIETY_INDUCTION,heartbeat_interval,0.740000009537
1425335639.75,ANXIETY_INDUCTION,strides,85
1425335639.75,ANXIETY_INDUCTION,heart_rate,77
1425335639.75,ANXIETY_INDUCTION,activity,0.0
1425335640.33,ANXIETY_INDUCTION,heartbeat_interval,0.756000041962
1425335640.86,ANXIETY_INDUCTION,strides,85
1425335640.86,ANXIETY_INDUCTION,heart_rate,77
1425335640.86,ANXIETY_INDUCTION,activity,0.0
1425335641.11,ANXIETY_INDUCTION,heartbeat_interval,0.77599978447
1425335641.91,ANXIETY_INDUCTION,heartbeat_interval,0.800000190735
1425335641.97,ANXIETY_INDUCTION,strides,85
1425335641.97,ANXIETY_INDUCTION,heart_rate,77
1425335641.97,ANXIETY_INDUCTION,activity,0.0
1425335642.69,ANXIETY_INDUCTION,heartbeat_interval,0.783999919891
1425335643.09,ANXIETY_INDUCTION,strides,85
1425335643.09,ANXIETY_INDUCTION,heart_rate,77
1425335643.09,ANXIETY_INDUCTION,activity,0.0
1425335643.46,ANXIETY_INDUCTION,heartbeat_interval,0.763999938965
1425335643.82,ANXIETY_INDUCTION,strides,85
1425335643.82,ANXIETY_INDUCTION,heart_rate,77
1425335643.82,ANXIETY_INDUCTION,activity,0.0
1425335644.23,ANXIETY_INDUCTION,heartbeat_interval,0.772000074387
1425335644.93,ANXIETY_INDUCTION,strides,85
1425335644.93,ANXIETY_INDUCTION,heart_rate,77
1425335644.93,ANXIETY_INDUCTION,activity,0.0
1425335645.21,ANXIETY_INDUCTION,heartbeat_interval,0.759999990463
1425335645.71,ANXIETY_INDUCTION,heartbeat_interval,0.723999977112
1425335646.41,ANXIETY_INDUCTION,strides,85
1425335646.41,ANXIETY_INDUCTION,heart_rate,77
1425335646.41,ANXIETY_INDUCTION,activity,0.0
1425335646.51,ANXIETY_INDUCTION,heartbeat_interval,0.796000003815
1425335646.78,ANXIETY_INDUCTION,strides,85
1425335646.78,ANXIETY_INDUCTION,heart_rate,78
1425335646.78,ANXIETY_INDUCTION,activity,0.0
1425335647.42,ANXIETY_INDUCTION,heartbeat_interval,0.907999992371
1425335647.89,ANXIETY_INDUCTION,strides,85
1425335647.89,ANXIETY_INDUCTION,heart_rate,77
1425335647.89,ANXIETY_INDUCTION,activity,0.0
1425335648.32,ANXIETY_INDUCTION,heartbeat_interval,0.900000095367
1425335648.99,ANXIETY_INDUCTION,strides,85
1425335648.99,ANXIETY_INDUCTION,heart_rate,76
1425335649.0,ANXIETY_INDUCTION,activity,0.0
1425335649.17,ANXIETY_INDUCTION,heartbeat_interval,0.847999811172
1425335650.05,ANXIETY_INDUCTION,heartbeat_interval,0.884000062943
1425335650.11,ANXIETY_INDUCTION,strides,85
1425335650.11,ANXIETY_INDUCTION,heart_rate,75
1425335650.11,ANXIETY_INDUCTION,activity,0.0
1425335650.85,ANXIETY_INDUCTION,strides,85
1425335650.85,ANXIETY_INDUCTION,heart_rate,74
1425335650.85,ANXIETY_INDUCTION,activity,0.0
1425335650.93,ANXIETY_INDUCTION,heartbeat_interval,0.880000114441
1425335651.79,ANXIETY_INDUCTION,heartbeat_interval,0.868000030518
1425335651.96,ANXIETY_INDUCTION,strides,85
1425335651.96,ANXIETY_INDUCTION,heart_rate,74
1425335651.96,ANXIETY_INDUCTION,activity,0.0
1425335652.59,ANXIETY_INDUCTION,heartbeat_interval,0.791999816895
1425335653.08,ANXIETY_INDUCTION,strides,85
1425335653.08,ANXIETY_INDUCTION,heart_rate,73
1425335653.08,ANXIETY_INDUCTION,activity,0.0
1425335653.3,ANXIETY_INDUCTION,heartbeat_interval,0.712000131607
1425335653.81,ANXIETY_INDUCTION,strides,85
1425335653.81,ANXIETY_INDUCTION,heart_rate,74
1425335653.81,ANXIETY_INDUCTION,activity,0.0
1425335654.01,ANXIETY_INDUCTION,heartbeat_interval,0.711999893188
1425335654.78,ANXIETY_INDUCTION,heartbeat_interval,0.768000125885
1425335654.92,ANXIETY_INDUCTION,strides,85
1425335654.92,ANXIETY_INDUCTION,heart_rate,75
1425335654.92,ANXIETY_INDUCTION,activity,0.0
1425335655.6,ANXIETY_INDUCTION,heartbeat_interval,0.819999933243
1425335656.03,ANXIETY_INDUCTION,strides,85
1425335656.03,ANXIETY_INDUCTION,heart_rate,76
1425335656.03,ANXIETY_INDUCTION,activity,0.0
1425335656.43,ANXIETY_INDUCTION,heartbeat_interval,0.832124471664
1425335656.77,ANXIETY_INDUCTION,strides,85
1425335656.77,ANXIETY_INDUCTION,heart_rate,75
1425335656.77,ANXIETY_INDUCTION,activity,0.0
1425335657.17,ANXIETY_INDUCTION,heartbeat_interval,0.740935087204
1425335657.86,ANXIETY_INDUCTION,heartbeat_interval,0.68799996376
1425335657.88,ANXIETY_INDUCTION,strides,85
1425335657.88,ANXIETY_INDUCTION,heart_rate,76
1425335657.88,ANXIETY_INDUCTION,activity,0.0
1425335658.6,ANXIETY_INDUCTION,heartbeat_interval,0.744935512543
1425335659.0,ANXIETY_INDUCTION,strides,85
1425335659.0,ANXIETY_INDUCTION,heart_rate,77
1425335659.0,ANXIETY_INDUCTION,activity,0.0
1425335659.44,ANXIETY_INDUCTION,heartbeat_interval,0.832935094833
1425335660.1,ANXIETY_INDUCTION,strides,85
1425335660.1,ANXIETY_INDUCTION,heart_rate,77
1425335660.1,ANXIETY_INDUCTION,activity,0.0
1425335660.37,ANXIETY_INDUCTION,heartbeat_interval,0.928935289383
1425335660.84,ANXIETY_INDUCTION,strides,85
1425335660.84,ANXIETY_INDUCTION,heart_rate,77
1425335660.84,ANXIETY_INDUCTION,activity,0.0
1425335661.23,ANXIETY_INDUCTION,heartbeat_interval,0.852810621262
1425335661.95,ANXIETY_INDUCTION,strides,85
1425335661.95,ANXIETY_INDUCTION,heart_rate,76
1425335661.95,ANXIETY_INDUCTION,activity,0.0
1425335662.11,ANXIETY_INDUCTION,heartbeat_interval,0.888000011444
1425335662.94,ANXIETY_INDUCTION,heartbeat_interval,0.832000017166
1425335663.06,ANXIETY_INDUCTION,strides,85
1425335663.06,ANXIETY_INDUCTION,heart_rate,75
1425335663.06,ANXIETY_INDUCTION,activity,0.0
1425335663.77,ANXIETY_INDUCTION,heartbeat_interval,0.824000120163
1425335663.8,ANXIETY_INDUCTION,strides,85
1425335663.8,ANXIETY_INDUCTION,heart_rate,75
1425335663.8,ANXIETY_INDUCTION,activity,0.0
1425335664.63,ANXIETY_INDUCTION,heartbeat_interval,0.863999843597
1425335664.91,ANXIETY_INDUCTION,strides,85
1425335664.91,ANXIETY_INDUCTION,heart_rate,74
1425335664.91,ANXIETY_INDUCTION,activity,0.0
1425335665.51,ANXIETY_INDUCTION,heartbeat_interval,0.875999927521
1425335666.02,ANXIETY_INDUCTION,strides,85
1425335666.02,ANXIETY_INDUCTION,heart_rate,74
1425335666.02,ANXIETY_INDUCTION,activity,0.0
1425335666.35,ANXIETY_INDUCTION,heartbeat_interval,0.840000152588
1425335666.76,ANXIETY_INDUCTION,strides,85
1425335666.76,ANXIETY_INDUCTION,heart_rate,73
1425335666.76,ANXIETY_INDUCTION,activity,0.0
1425335667.15,ANXIETY_INDUCTION,heartbeat_interval,0.794705629349
1425335667.87,ANXIETY_INDUCTION,strides,85
1425335667.87,ANXIETY_INDUCTION,heart_rate,73
1425335667.87,ANXIETY_INDUCTION,activity,0.0
1425335667.91,ANXIETY_INDUCTION,heartbeat_interval,0.768000125885
1425335668.62,ANXIETY_INDUCTION,heartbeat_interval,0.714705705643
1425335668.98,ANXIETY_INDUCTION,strides,85
1425335668.98,ANXIETY_INDUCTION,heart_rate,74
1425335668.98,ANXIETY_INDUCTION,activity,0.0
1425335669.32,ANXIETY_INDUCTION,heartbeat_interval,0.698705911636
1425335670.0,ANXIETY_INDUCTION,heartbeat_interval,0.646705389023
1425335670.1,ANXIETY_INDUCTION,strides,85
1425335670.1,ANXIETY_INDUCTION,heart_rate,75
1425335670.1,ANXIETY_INDUCTION,activity,0.0
1425335670.62,ANXIETY_INDUCTION,heartbeat_interval,0.652000188828
1425335671.2,ANXIETY_INDUCTION,strides,85
1425335671.2,ANXIETY_INDUCTION,heart_rate,77
1425335671.2,ANXIETY_INDUCTION,activity,0.0
1425335671.29,ANXIETY_INDUCTION,heartbeat_interval,0.666705846786
1425335671.94,ANXIETY_INDUCTION,strides,85
1425335671.94,ANXIETY_INDUCTION,heart_rate,78
1425335671.94,ANXIETY_INDUCTION,activity,0.0
1425335671.99,ANXIETY_INDUCTION,heartbeat_interval,0.696000099182
1425335672.7,ANXIETY_INDUCTION,heartbeat_interval,0.707999944687
1425335673.06,ANXIETY_INDUCTION,strides,85
1425335673.06,ANXIETY_INDUCTION,heart_rate,79
1425335673.06,ANXIETY_INDUCTION,activity,0.0
1425335673.5,ANXIETY_INDUCTION,heartbeat_interval,0.799999952316
1425335673.79,ANXIETY_INDUCTION,strides,85
1425335673.79,ANXIETY_INDUCTION,heart_rate,80
1425335673.79,ANXIETY_INDUCTION,activity,0.0
1425335674.26,ANXIETY_INDUCTION,heartbeat_interval,0.772000074387
1425335674.9,ANXIETY_INDUCTION,strides,85
1425335674.9,ANXIETY_INDUCTION,heart_rate,80
1425335674.9,ANXIETY_INDUCTION,activity,0.0
1425335675.05,ANXIETY_INDUCTION,heartbeat_interval,0.783999919891
1425335675.81,ANXIETY_INDUCTION,heartbeat_interval,0.763999938965
1425335676.02,ANXIETY_INDUCTION,strides,85
1425335676.02,ANXIETY_INDUCTION,heart_rate,79
1425335676.02,ANXIETY_INDUCTION,activity,0.0
1425335676.57,ANXIETY_INDUCTION,heartbeat_interval,0.760000228882
1425335676.76,ANXIETY_INDUCTION,strides,85
1425335676.76,ANXIETY_INDUCTION,heart_rate,79
1425335676.76,ANXIETY_INDUCTION,activity,0.0
1425335677.32,ANXIETY_INDUCTION,heartbeat_interval,0.74799990654
1425335677.86,ANXIETY_INDUCTION,strides,85
1425335677.86,ANXIETY_INDUCTION,heart_rate,79
1425335677.86,ANXIETY_INDUCTION,activity,0.0
1425335678.09,ANXIETY_INDUCTION,heartbeat_interval,0.776000022888
1425335678.87,ANXIETY_INDUCTION,heartbeat_interval,0.77999997139
1425335678.98,ANXIETY_INDUCTION,strides,85
1425335678.98,ANXIETY_INDUCTION,heart_rate,79
1425335678.98,ANXIETY_INDUCTION,activity,0.0
1425335679.67,ANXIETY_INDUCTION,heartbeat_interval,0.787999868393
1425335680.09,ANXIETY_INDUCTION,strides,85
1425335680.09,ANXIETY_INDUCTION,heart_rate,79
1425335680.09,ANXIETY_INDUCTION,activity,0.0
1425335680.48,ANXIETY_INDUCTION,heartbeat_interval,0.81200003624
1425335680.82,ANXIETY_INDUCTION,strides,85
1425335680.82,ANXIETY_INDUCTION,heart_rate,78
1425335680.82,ANXIETY_INDUCTION,activity,0.0
1425335681.22,ANXIETY_INDUCTION,heartbeat_interval,0.744000196457
1425335681.88,ANXIETY_INDUCTION,heartbeat_interval,0.659999847412
1425335681.93,ANXIETY_INDUCTION,strides,85
1425335681.93,ANXIETY_INDUCTION,heart_rate,78
1425335681.93,ANXIETY_INDUCTION,activity,0.0
1425335682.58,ANXIETY_INDUCTION,heartbeat_interval,0.696000099182
1425335683.04,ANXIETY_INDUCTION,strides,85
1425335683.04,ANXIETY_INDUCTION,heart_rate,79
1425335683.04,ANXIETY_INDUCTION,activity,0.0
1425335683.34,ANXIETY_INDUCTION,heartbeat_interval,0.767999887466
1425335683.78,ANXIETY_INDUCTION,strides,85
1425335683.78,ANXIETY_INDUCTION,heart_rate,80
1425335683.78,ANXIETY_INDUCTION,activity,0.0
1425335684.08,ANXIETY_INDUCTION,heartbeat_interval,0.743999958038
1425335684.87,ANXIETY_INDUCTION,heartbeat_interval,0.78400015831
1425335684.9,ANXIETY_INDUCTION,strides,85
1425335684.9,ANXIETY_INDUCTION,heart_rate,80
1425335684.9,ANXIETY_INDUCTION,activity,0.0
1425335685.75,ANXIETY_INDUCTION,heartbeat_interval,0.868000030518
1425335686.0,ANXIETY_INDUCTION,strides,85
1425335686.0,ANXIETY_INDUCTION,heart_rate,79
1425335686.0,ANXIETY_INDUCTION,activity,0.0
1425335686.6,ANXIETY_INDUCTION,heartbeat_interval,0.863999843597
1425335686.74,ANXIETY_INDUCTION,strides,85
1425335686.74,ANXIETY_INDUCTION,heart_rate,79
1425335686.74,ANXIETY_INDUCTION,activity,0.0
1425335687.39,ANXIETY_INDUCTION,heartbeat_interval,0.78400015831
1425335687.85,ANXIETY_INDUCTION,strides,85
1425335687.85,ANXIETY_INDUCTION,heart_rate,78
1425335687.85,ANXIETY_INDUCTION,activity,0.0
1425335688.16,ANXIETY_INDUCTION,heartbeat_interval,0.771999835968
1425335688.91,ANXIETY_INDUCTION,heartbeat_interval,0.75200009346
1425335688.96,ANXIETY_INDUCTION,strides,85
1425335688.96,ANXIETY_INDUCTION,heart_rate,78
1425335688.96,ANXIETY_INDUCTION,activity,0.0
1425335689.68,ANXIETY_INDUCTION,heartbeat_interval,0.772000074387
1425335690.08,ANXIETY_INDUCTION,strides,85
1425335690.08,ANXIETY_INDUCTION,heart_rate,78
1425335690.08,ANXIETY_INDUCTION,activity,0.0
1425335690.47,ANXIETY_INDUCTION,heartbeat_interval,0.787999868393
1425335690.81,ANXIETY_INDUCTION,strides,85
1425335690.81,ANXIETY_INDUCTION,heart_rate,78
1425335690.81,ANXIETY_INDUCTION,activity,0.0
1425335691.24,ANXIETY_INDUCTION,heartbeat_interval,0.759999990463
1425335691.92,ANXIETY_INDUCTION,strides,85
1425335691.92,ANXIETY_INDUCTION,heart_rate,78
1425335691.92,ANXIETY_INDUCTION,activity,0.0
1425335692.03,ANXIETY_INDUCTION,heartbeat_interval,0.792000055313
1425335692.85,ANXIETY_INDUCTION,heartbeat_interval,0.828000068665
1425335693.04,ANXIETY_INDUCTION,strides,85
1425335693.04,ANXIETY_INDUCTION,heart_rate,78
1425335693.04,ANXIETY_INDUCTION,activity,0.0
1425335693.64,ANXIETY_INDUCTION,heartbeat_interval,0.787999868393
1425335693.77,ANXIETY_INDUCTION,strides,85
1425335693.77,ANXIETY_INDUCTION,heart_rate,77
1425335693.77,ANXIETY_INDUCTION,activity,0.0
1425335694.46,ANXIETY_INDUCTION,heartbeat_interval,0.824000120163
1425335694.88,ANXIETY_INDUCTION,strides,85
1425335694.88,ANXIETY_INDUCTION,heart_rate,77
1425335694.88,ANXIETY_INDUCTION,activity,0.0
1425335695.31,ANXIETY_INDUCTION,heartbeat_interval,0.847999811172
1425335696.16,ANXIETY_INDUCTION,heartbeat_interval,0.848000049591
1425335696.36,ANXIETY_INDUCTION,strides,85
1425335696.36,ANXIETY_INDUCTION,heart_rate,76
1425335696.36,ANXIETY_INDUCTION,activity,0.0
1425335696.73,ANXIETY_INDUCTION,strides,85
1425335696.73,ANXIETY_INDUCTION,heart_rate,75
1425335696.73,ANXIETY_INDUCTION,activity,0.0
1425335697.01,ANXIETY_INDUCTION,heartbeat_interval,0.852004528046
1425335697.82,ANXIETY_INDUCTION,heartbeat_interval,0.808000087738
1425335697.84,ANXIETY_INDUCTION,strides,85
1425335697.84,ANXIETY_INDUCTION,heart_rate,75
1425335697.84,ANXIETY_INDUCTION,activity,0.0
1425335698.63,ANXIETY_INDUCTION,heartbeat_interval,0.808004379272
1425335699.33,ANXIETY_INDUCTION,strides,85
1425335699.33,ANXIETY_INDUCTION,heart_rate,75
1425335699.33,ANXIETY_INDUCTION,activity,0.0
1425335699.44,ANXIETY_INDUCTION,heartbeat_interval,0.816004276276
1425335700.06,ANXIETY_INDUCTION,strides,85
1425335700.06,ANXIETY_INDUCTION,heart_rate,75
1425335700.06,ANXIETY_INDUCTION,activity,0.0
1425335700.28,ANXIETY_INDUCTION,heartbeat_interval,0.832004547119
1425335700.8,ANXIETY_INDUCTION,strides,85
1425335700.8,ANXIETY_INDUCTION,heart_rate,75
1425335700.8,ANXIETY_INDUCTION,activity,0.0
1425335701.04,ANXIETY_INDUCTION,heartbeat_interval,0.760004520416
1425335701.81,ANXIETY_INDUCTION,heartbeat_interval,0.77599978447
1425335701.91,ANXIETY_INDUCTION,strides,85
1425335701.91,ANXIETY_INDUCTION,heart_rate,75
1425335701.91,ANXIETY_INDUCTION,activity,0.0
1425335702.6,ANXIETY_INDUCTION,heartbeat_interval,0.788000106812
1425335703.03,ANXIETY_INDUCTION,strides,85
1425335703.03,ANXIETY_INDUCTION,heart_rate,75
1425335703.03,ANXIETY_INDUCTION,activity,0.0
1425335703.42,ANXIETY_INDUCTION,heartbeat_interval,0.819999933243
1425335703.77,ANXIETY_INDUCTION,strides,85
1425335703.77,ANXIETY_INDUCTION,heart_rate,75
1425335703.77,ANXIETY_INDUCTION,activity,0.0
1425335704.22,ANXIETY_INDUCTION,heartbeat_interval,0.799999952316
1425335704.87,ANXIETY_INDUCTION,strides,85
1425335704.87,ANXIETY_INDUCTION,heart_rate,75
1425335704.87,ANXIETY_INDUCTION,activity,0.0
1425335704.98,ANXIETY_INDUCTION,heartbeat_interval,0.759999990463
1425335705.79,ANXIETY_INDUCTION,heartbeat_interval,0.804000139236
1425335705.99,ANXIETY_INDUCTION,strides,85
1425335705.99,ANXIETY_INDUCTION,heart_rate,76
1425335705.99,ANXIETY_INDUCTION,activity,0.0
1425335706.56,ANXIETY_INDUCTION,heartbeat_interval,0.767999887466
1425335706.72,ANXIETY_INDUCTION,strides,85
1425335706.72,ANXIETY_INDUCTION,heart_rate,76
1425335706.72,ANXIETY_INDUCTION,activity,0.0
1425335707.31,ANXIETY_INDUCTION,heartbeat_interval,0.759999990463
1425335707.83,ANXIETY_INDUCTION,strides,85
1425335707.83,ANXIETY_INDUCTION,heart_rate,76
1425335707.83,ANXIETY_INDUCTION,activity,0.0
1425335708.09,ANXIETY_INDUCTION,heartbeat_interval,0.776000022888
1425335708.84,ANXIETY_INDUCTION,heartbeat_interval,0.75200009346
1425335708.95,ANXIETY_INDUCTION,strides,85
1425335708.95,ANXIETY_INDUCTION,heart_rate,76
1425335708.95,ANXIETY_INDUCTION,activity,0.0
1425335709.58,ANXIETY_INDUCTION,heartbeat_interval,0.74799990654
1425335710.06,ANXIETY_INDUCTION,strides,85
1425335710.06,ANXIETY_INDUCTION,heart_rate,77
1425335710.06,ANXIETY_INDUCTION,activity,0.0
1425335710.35,ANXIETY_INDUCTION,heartbeat_interval,0.768000125885
1425335710.79,ANXIETY_INDUCTION,strides,85
1425335710.79,ANXIETY_INDUCTION,heart_rate,77
1425335710.79,ANXIETY_INDUCTION,activity,0.0
1425335711.11,ANXIETY_INDUCTION,heartbeat_interval,0.756000041962
1425335711.84,ANXIETY_INDUCTION,heartbeat_interval,0.727999925613
1425335711.91,ANXIETY_INDUCTION,strides,85
1425335711.91,ANXIETY_INDUCTION,heart_rate,77
1425335711.91,ANXIETY_INDUCTION,activity,0.0
1425335712.62,ANXIETY_INDUCTION,heartbeat_interval,0.77999997139
1425335713.38,ANXIETY_INDUCTION,strides,85
1425335713.38,ANXIETY_INDUCTION,heartbeat_interval,0.763999938965
1425335713.38,ANXIETY_INDUCTION,heart_rate,78
1425335713.38,ANXIETY_INDUCTION,activity,0.0
1425335713.75,ANXIETY_INDUCTION,strides,85
1425335713.75,ANXIETY_INDUCTION,heart_rate,78
1425335713.75,ANXIETY_INDUCTION,activity,0.0
1425335714.1,ANXIETY_INDUCTION,heartbeat_interval,0.718189001083
1425335714.87,ANXIETY_INDUCTION,strides,85
1425335714.87,ANXIETY_INDUCTION,heart_rate,78
1425335714.87,ANXIETY_INDUCTION,activity,0.0
1425335714.89,ANXIETY_INDUCTION,heartbeat_interval,0.78400015831
1425335715.68,ANXIETY_INDUCTION,heartbeat_interval,0.798188924789
1425335715.97,ANXIETY_INDUCTION,strides,85
1425335715.97,ANXIETY_INDUCTION,heart_rate,78
1425335715.97,ANXIETY_INDUCTION,activity,0.0
1425335716.46,ANXIETY_INDUCTION,heartbeat_interval,0.77018904686
1425335716.71,ANXIETY_INDUCTION,strides,85
1425335716.71,ANXIETY_INDUCTION,heart_rate,78
1425335716.71,ANXIETY_INDUCTION,activity,0.0
1425335717.24,ANXIETY_INDUCTION,heartbeat_interval,0.786189079285
1425335717.96,ANXIETY_INDUCTION,heartbeat_interval,0.710188627243
1425335718.19,ANXIETY_INDUCTION,strides,85
1425335718.19,ANXIETY_INDUCTION,heart_rate,78
1425335718.19,ANXIETY_INDUCTION,activity,0.0
1425335718.69,ANXIETY_INDUCTION,heartbeat_interval,0.736000061035
1425335718.93,ANXIETY_INDUCTION,strides,85
1425335718.93,ANXIETY_INDUCTION,heart_rate,78
1425335718.93,ANXIETY_INDUCTION,activity,0.0
1425335719.45,ANXIETY_INDUCTION,heartbeat_interval,0.768000125885
1425335720.05,ANXIETY_INDUCTION,strides,85
1425335720.05,ANXIETY_INDUCTION,heart_rate,79
1425335720.05,ANXIETY_INDUCTION,activity,0.0
1425335720.2,ANXIETY_INDUCTION,heartbeat_interval,0.740000009537
1425335720.79,ANXIETY_INDUCTION,strides,85
1425335720.79,ANXIETY_INDUCTION,heart_rate,79
1425335720.79,ANXIETY_INDUCTION,activity,0.0
1425335720.94,ANXIETY_INDUCTION,heartbeat_interval,0.743999958038
1425335721.73,ANXIETY_INDUCTION,heartbeat_interval,0.787999868393
1425335721.89,ANXIETY_INDUCTION,strides,85
1425335721.89,ANXIETY_INDUCTION,heart_rate,79
1425335721.89,ANXIETY_INDUCTION,activity,0.0
1425335722.55,ANXIETY_INDUCTION,heartbeat_interval,0.832000017166
1425335723.01,ANXIETY_INDUCTION,strides,85
1425335723.01,ANXIETY_INDUCTION,heart_rate,78
1425335723.01,ANXIETY_INDUCTION,activity,0.0
1425335723.42,ANXIETY_INDUCTION,heartbeat_interval,0.860000133514
1425335723.75,ANXIETY_INDUCTION,strides,85
1425335723.75,ANXIETY_INDUCTION,heart_rate,77
1425335723.75,ANXIETY_INDUCTION,activity,0.0
1425335724.21,ANXIETY_INDUCTION,heartbeat_interval,0.796000003815
1425335724.85,ANXIETY_INDUCTION,strides,85
1425335724.85,ANXIETY_INDUCTION,heart_rate,77
1425335724.85,ANXIETY_INDUCTION,activity,0.0
1425335725.05,ANXIETY_INDUCTION,heartbeat_interval,0.839999914169
1425335725.9,ANXIETY_INDUCTION,heartbeat_interval,0.839999914169
1425335725.97,ANXIETY_INDUCTION,strides,85
1425335725.97,ANXIETY_INDUCTION,heart_rate,76
1425335725.97,ANXIETY_INDUCTION,activity,0.0
1425335726.7,ANXIETY_INDUCTION,heartbeat_interval,0.804000139236
1425335727.07,ANXIETY_INDUCTION,strides,85
1425335727.07,ANXIETY_INDUCTION,heart_rate,76
1425335727.07,ANXIETY_INDUCTION,activity,0.0
1425335727.49,ANXIETY_INDUCTION,heartbeat_interval,0.792000055313
1425335727.81,ANXIETY_INDUCTION,strides,85
1425335727.81,ANXIETY_INDUCTION,heart_rate,76
1425335727.81,ANXIETY_INDUCTION,activity,0.0
1425335728.3,ANXIETY_INDUCTION,heartbeat_interval,0.811999797821
1425335728.93,ANXIETY_INDUCTION,strides,85
1425335728.93,ANXIETY_INDUCTION,heart_rate,76
1425335728.93,ANXIETY_INDUCTION,activity,0.0
1425335729.12,ANXIETY_INDUCTION,heartbeat_interval,0.820000171661
1425335729.88,ANXIETY_INDUCTION,heartbeat_interval,0.756000041962
1425335730.03,ANXIETY_INDUCTION,strides,85
1425335730.03,ANXIETY_INDUCTION,heart_rate,75
1425335730.03,ANXIETY_INDUCTION,activity,0.0
1425335730.67,ANXIETY_INDUCTION,heartbeat_interval,0.799999952316
1425335731.14,ANXIETY_INDUCTION,strides,85
1425335731.14,ANXIETY_INDUCTION,heart_rate,76
1425335731.14,ANXIETY_INDUCTION,activity,0.0
1425335731.49,ANXIETY_INDUCTION,heartbeat_interval,0.807999849319
1425335731.88,ANXIETY_INDUCTION,strides,85
1425335731.88,ANXIETY_INDUCTION,heart_rate,76
1425335731.88,ANXIETY_INDUCTION,activity,0.0
1425335732.25,ANXIETY_INDUCTION,heartbeat_interval,0.772000074387
1425335733.0,ANXIETY_INDUCTION,strides,85
1425335733.0,ANXIETY_INDUCTION,heart_rate,76
1425335733.0,ANXIETY_INDUCTION,activity,0.0
1425335733.07,ANXIETY_INDUCTION,heartbeat_interval,0.808000087738
1425335733.73,ANXIETY_INDUCTION,strides,85
1425335733.73,ANXIETY_INDUCTION,heart_rate,76
1425335733.73,ANXIETY_INDUCTION,activity,0.0
1425335733.9,ANXIETY_INDUCTION,heartbeat_interval,0.823999881744
1425335734.71,ANXIETY_INDUCTION,heartbeat_interval,0.81200003624
1425335734.85,ANXIETY_INDUCTION,strides,85
1425335734.85,ANXIETY_INDUCTION,heart_rate,75
1425335734.85,ANXIETY_INDUCTION,activity,0.0
1425335735.51,ANXIETY_INDUCTION,heartbeat_interval,0.808000087738
1425335735.95,ANXIETY_INDUCTION,strides,85
1425335735.95,ANXIETY_INDUCTION,heart_rate,75
1425335735.95,ANXIETY_INDUCTION,activity,0.0
1425335736.35,ANXIETY_INDUCTION,heartbeat_interval,0.835999965668
1425335737.06,ANXIETY_INDUCTION,strides,85
1425335737.06,ANXIETY_INDUCTION,heart_rate,75
1425335737.06,ANXIETY_INDUCTION,activity,0.0
1425335737.16,ANXIETY_INDUCTION,heartbeat_interval,0.815999984741
1425335737.8,ANXIETY_INDUCTION,strides,85
1425335737.8,ANXIETY_INDUCTION,heart_rate,75
1425335737.8,ANXIETY_INDUCTION,activity,0.0
1425335737.91,ANXIETY_INDUCTION,heartbeat_interval,0.74799990654
1425335738.62,ANXIETY_INDUCTION,heartbeat_interval,0.703999996185
1425335738.92,ANXIETY_INDUCTION,strides,85
1425335738.92,ANXIETY_INDUCTION,heart_rate,75
1425335738.92,ANXIETY_INDUCTION,activity,0.0
1425335739.39,ANXIETY_INDUCTION,heartbeat_interval,0.772000074387
1425335740.03,ANXIETY_INDUCTION,strides,85
1425335740.03,ANXIETY_INDUCTION,heart_rate,76
1425335740.03,ANXIETY_INDUCTION,activity,0.0
1425335740.21,ANXIETY_INDUCTION,heartbeat_interval,0.824000120163
1425335741.07,ANXIETY_INDUCTION,heartbeat_interval,0.855513811111
1425335741.13,ANXIETY_INDUCTION,strides,85
1425335741.13,ANXIETY_INDUCTION,heart_rate,76
1425335741.13,ANXIETY_INDUCTION,activity,0.0
1425335741.87,ANXIETY_INDUCTION,strides,85
1425335741.87,ANXIETY_INDUCTION,heartbeat_interval,0.807999849319
1425335741.87,ANXIETY_INDUCTION,heart_rate,75
1425335741.87,ANXIETY_INDUCTION,activity,0.0
1425335742.67,ANXIETY_INDUCTION,heartbeat_interval,0.803514003754
1425335742.99,ANXIETY_INDUCTION,strides,85
1425335742.99,ANXIETY_INDUCTION,heart_rate,75
1425335742.99,ANXIETY_INDUCTION,activity,0.0
1425335743.53,ANXIETY_INDUCTION,heartbeat_interval,0.85151386261
1425335743.73,ANXIETY_INDUCTION,strides,85
1425335743.73,ANXIETY_INDUCTION,heart_rate,75
1425335743.73,ANXIETY_INDUCTION,activity,0.0
1425335744.34,ANXIETY_INDUCTION,heartbeat_interval,0.81551361084
1425335744.83,ANXIETY_INDUCTION,strides,85
1425335744.83,ANXIETY_INDUCTION,heart_rate,74
1425335744.83,ANXIETY_INDUCTION,activity,0.0
1425335745.13,ANXIETY_INDUCTION,heartbeat_interval,0.783513784409
1425335745.95,ANXIETY_INDUCTION,strides,85
1425335745.95,ANXIETY_INDUCTION,heart_rate,75
1425335745.95,ANXIETY_INDUCTION,activity,0.0
1425335745.96,ANXIETY_INDUCTION,heartbeat_interval,0.832000017166
1425335746.83,ANXIETY_INDUCTION,heartbeat_interval,0.864000082016
1425335747.05,ANXIETY_INDUCTION,strides,85
1425335747.05,ANXIETY_INDUCTION,heart_rate,74
1425335747.05,ANXIETY_INDUCTION,activity,0.0
1425335747.7,ANXIETY_INDUCTION,heartbeat_interval,0.871999979019
1425335747.8,ANXIETY_INDUCTION,strides,85
1425335747.8,ANXIETY_INDUCTION,heart_rate,74
1425335747.8,ANXIETY_INDUCTION,activity,0.0
1425335748.56,ANXIETY_INDUCTION,heartbeat_interval,0.864000082016
1425335748.91,ANXIETY_INDUCTION,strides,85
1425335748.91,ANXIETY_INDUCTION,heart_rate,73
1425335748.91,ANXIETY_INDUCTION,activity,0.0
1425335749.44,ANXIETY_INDUCTION,heartbeat_interval,0.875999927521
1425335750.01,ANXIETY_INDUCTION,strides,85
1425335750.01,ANXIETY_INDUCTION,heart_rate,73
1425335750.01,ANXIETY_INDUCTION,activity,0.0
1425335750.21,ANXIETY_INDUCTION,heartbeat_interval,0.776000022888
1425335750.75,ANXIETY_INDUCTION,strides,85
1425335750.75,ANXIETY_INDUCTION,heart_rate,73
1425335750.75,ANXIETY_INDUCTION,activity,0.0
1425335751.04,ANXIETY_INDUCTION,heartbeat_interval,0.827999830246
1425335751.87,ANXIETY_INDUCTION,strides,85
1425335751.87,ANXIETY_INDUCTION,heart_rate,73
1425335751.87,ANXIETY_INDUCTION,activity,0.0
1425335752.15,ANXIETY_INDUCTION,heartbeat_interval,0.851999998093
1425335752.67,ANXIETY_INDUCTION,heartbeat_interval,0.772000074387
1425335753.34,ANXIETY_INDUCTION,strides,85
1425335753.34,ANXIETY_INDUCTION,heart_rate,72
1425335753.34,ANXIETY_INDUCTION,activity,0.0
1425335753.42,ANXIETY_INDUCTION,heartbeat_interval,0.763999938965
1425335753.71,ANXIETY_INDUCTION,strides,85
1425335753.71,ANXIETY_INDUCTION,heart_rate,73
1425335753.71,ANXIETY_INDUCTION,activity,0.0
1425335754.22,ANXIETY_INDUCTION,heartbeat_interval,0.792000055313
1425335754.83,ANXIETY_INDUCTION,strides,85
1425335754.83,ANXIETY_INDUCTION,heart_rate,74
1425335754.83,ANXIETY_INDUCTION,activity,0.0
1425335754.99,ANXIETY_INDUCTION,heartbeat_interval,0.772000074387
1425335755.75,ANXIETY_INDUCTION,heartbeat_interval,0.74799990654
1425335755.93,ANXIETY_INDUCTION,strides,85
1425335755.93,ANXIETY_INDUCTION,heart_rate,74
1425335755.93,ANXIETY_INDUCTION,activity,0.0
1425335756.53,ANXIETY_INDUCTION,heartbeat_interval,0.792000055313
1425335757.05,ANXIETY_INDUCTION,strides,85
1425335757.05,ANXIETY_INDUCTION,heart_rate,75
1425335757.05,ANXIETY_INDUCTION,activity,0.0
1425335757.39,ANXIETY_INDUCTION,heartbeat_interval,0.855999946594
1425335757.79,ANXIETY_INDUCTION,strides,85
1425335757.79,ANXIETY_INDUCTION,heart_rate,74
1425335757.79,ANXIETY_INDUCTION,activity,0.0
1425335758.23,ANXIETY_INDUCTION,heartbeat_interval,0.835999965668
1425335758.89,ANXIETY_INDUCTION,strides,85
1425335758.89,ANXIETY_INDUCTION,heart_rate,74
1425335758.89,ANXIETY_INDUCTION,activity,0.0
1425335759.02,ANXIETY_INDUCTION,heartbeat_interval,0.792000055313
1425335759.81,ANXIETY_INDUCTION,heartbeat_interval,0.796000003815
1425335760.01,ANXIETY_INDUCTION,strides,85
1425335760.01,ANXIETY_INDUCTION,heart_rate,74
1425335760.01,ANXIETY_INDUCTION,activity,0.0
1425335760.68,ANXIETY_INDUCTION,heartbeat_interval,0.871999979019
1425335760.75,ANXIETY_INDUCTION,strides,85
1425335760.75,ANXIETY_INDUCTION,heart_rate,74
1425335760.75,ANXIETY_INDUCTION,activity,0.0
1425335761.52,ANXIETY_INDUCTION,heartbeat_interval,0.832000017166
1425335761.85,ANXIETY_INDUCTION,strides,85
1425335761.85,ANXIETY_INDUCTION,heart_rate,74
1425335761.85,ANXIETY_INDUCTION,activity,0.0
1425335762.29,ANXIETY_INDUCTION,heartbeat_interval,0.776000022888
1425335762.97,ANXIETY_INDUCTION,strides,85
1425335762.97,ANXIETY_INDUCTION,heart_rate,74
1425335762.97,ANXIETY_INDUCTION,activity,0.0
1425335763.09,ANXIETY_INDUCTION,heartbeat_interval,0.803999900818
1425335763.71,ANXIETY_INDUCTION,strides,85
1425335763.71,ANXIETY_INDUCTION,heart_rate,74
1425335763.71,ANXIETY_INDUCTION,activity,0.0
1425335763.95,ANXIETY_INDUCTION,heartbeat_interval,0.851999998093
1425335764.79,ANXIETY_INDUCTION,heartbeat_interval,0.840000152588
1425335764.81,ANXIETY_INDUCTION,strides,85
1425335764.81,ANXIETY_INDUCTION,heart_rate,74
1425335764.81,ANXIETY_INDUCTION,activity,0.0
1425335765.57,ANXIETY_INDUCTION,heartbeat_interval,0.77999997139
1425335765.93,ANXIETY_INDUCTION,strides,85
1425335765.93,ANXIETY_INDUCTION,heart_rate,74
1425335765.93,ANXIETY_INDUCTION,activity,0.0
1425335766.36,ANXIETY_INDUCTION,heartbeat_interval,0.783999919891
1425335767.03,ANXIETY_INDUCTION,strides,85
1425335767.03,ANXIETY_INDUCTION,heart_rate,74
1425335767.03,ANXIETY_INDUCTION,activity,0.0
1425335767.17,ANXIETY_INDUCTION,heartbeat_interval,0.820000171661
1425335767.77,ANXIETY_INDUCTION,strides,85
1425335767.77,ANXIETY_INDUCTION,heart_rate,74
1425335767.77,ANXIETY_INDUCTION,activity,0.0
1425335768.01,ANXIETY_INDUCTION,heartbeat_interval,0.832000017166
1425335768.76,ANXIETY_INDUCTION,heartbeat_interval,0.755999803543
1425335768.89,ANXIETY_INDUCTION,strides,85
1425335768.89,ANXIETY_INDUCTION,heart_rate,74
1425335768.89,ANXIETY_INDUCTION,activity,0.0
1425335769.51,ANXIETY_INDUCTION,heartbeat_interval,0.75200009346
1425335769.99,ANXIETY_INDUCTION,strides,85
1425335769.99,ANXIETY_INDUCTION,heart_rate,75
1425335769.99,ANXIETY_INDUCTION,activity,0.0
1425335770.29,ANXIETY_INDUCTION,heartbeat_interval,0.77999997139
1425335771.1,ANXIETY_INDUCTION,strides,85
1425335771.1,ANXIETY_INDUCTION,heart_rate,75
1425335771.1,ANXIETY_INDUCTION,activity,0.0
1425335771.13,ANXIETY_INDUCTION,heartbeat_interval,0.83715057373
1425335771.84,ANXIETY_INDUCTION,strides,85
1425335771.84,ANXIETY_INDUCTION,heart_rate,75
1425335771.84,ANXIETY_INDUCTION,activity,0.0
1425335771.98,ANXIETY_INDUCTION,heartbeat_interval,0.853150844574
1425335772.78,ANXIETY_INDUCTION,heartbeat_interval,0.799999952316
1425335772.96,ANXIETY_INDUCTION,strides,85
1425335772.96,ANXIETY_INDUCTION,heart_rate,75
1425335772.96,ANXIETY_INDUCTION,activity,0.0
1425335773.54,ANXIETY_INDUCTION,heartbeat_interval,0.757150650024
1425335773.7,ANXIETY_INDUCTION,strides,85
1425335773.7,ANXIETY_INDUCTION,heart_rate,75
1425335773.7,ANXIETY_INDUCTION,activity,0.0
1425335774.25,ANXIETY_INDUCTION,heartbeat_interval,0.70915055275
1425335774.8,ANXIETY_INDUCTION,strides,85
1425335774.8,ANXIETY_INDUCTION,heart_rate,76
1425335774.8,ANXIETY_INDUCTION,activity,0.0
1425335775.08,ANXIETY_INDUCTION,heartbeat_interval,0.829150438309
1425335775.85,ANXIETY_INDUCTION,heartbeat_interval,0.768000125885
1425335775.92,ANXIETY_INDUCTION,strides,85
1425335775.92,ANXIETY_INDUCTION,heart_rate,76
1425335775.92,ANXIETY_INDUCTION,activity,0.0
1425335776.58,ANXIETY_INDUCTION,heartbeat_interval,0.735999822617
1425335777.03,ANXIETY_INDUCTION,strides,85
1425335777.03,ANXIETY_INDUCTION,heart_rate,77
1425335777.03,ANXIETY_INDUCTION,activity,0.0
1425335777.36,ANXIETY_INDUCTION,heartbeat_interval,0.77999997139
1425335777.77,ANXIETY_INDUCTION,strides,85
1425335777.77,ANXIETY_INDUCTION,heart_rate,77
1425335777.77,ANXIETY_INDUCTION,activity,0.0
1425335778.2,ANXIETY_INDUCTION,heartbeat_interval,0.840000152588
1425335778.87,ANXIETY_INDUCTION,strides,85
1425335778.87,ANXIETY_INDUCTION,heart_rate,77
1425335778.87,ANXIETY_INDUCTION,activity,0.0
1425335779.01,ANXIETY_INDUCTION,heartbeat_interval,0.803999900818
1425335779.78,ANXIETY_INDUCTION,heartbeat_interval,0.772000074387
1425335779.99,ANXIETY_INDUCTION,strides,85
1425335779.99,ANXIETY_INDUCTION,heart_rate,76
1425335779.99,ANXIETY_INDUCTION,activity,0.0
1425335780.58,ANXIETY_INDUCTION,heartbeat_interval,0.796000003815
1425335780.73,ANXIETY_INDUCTION,strides,85
1425335780.73,ANXIETY_INDUCTION,heart_rate,76
1425335780.73,ANXIETY_INDUCTION,activity,0.0
1425335781.36,ANXIETY_INDUCTION,heartbeat_interval,0.783999919891
1425335782.15,ANXIETY_INDUCTION,heartbeat_interval,0.792000055313
1425335782.2,ANXIETY_INDUCTION,strides,85
1425335782.2,ANXIETY_INDUCTION,heart_rate,76
1425335782.2,ANXIETY_INDUCTION,activity,0.0
1425335782.9,ANXIETY_INDUCTION,heartbeat_interval,0.74799990654
1425335782.95,ANXIETY_INDUCTION,strides,85
1425335782.95,ANXIETY_INDUCTION,heart_rate,76
1425335782.95,ANXIETY_INDUCTION,activity,0.0
1425335783.68,ANXIETY_INDUCTION,heartbeat_interval,0.77999997139
1425335783.69,ANXIETY_INDUCTION,strides,85
1425335783.69,ANXIETY_INDUCTION,heart_rate,77
1425335783.69,ANXIETY_INDUCTION,activity,0.0
1425335784.54,ANXIETY_INDUCTION,heartbeat_interval,0.856000185013
1425335784.79,ANXIETY_INDUCTION,strides,85
1425335784.79,ANXIETY_INDUCTION,heart_rate,76
1425335784.79,ANXIETY_INDUCTION,activity,0.0
1425335785.37,ANXIETY_INDUCTION,heartbeat_interval,0.843999862671
1425335785.91,ANXIETY_INDUCTION,strides,85
1425335785.91,ANXIETY_INDUCTION,heart_rate,76
1425335785.91,ANXIETY_INDUCTION,activity,0.0
1425335786.19,ANXIETY_INDUCTION,heartbeat_interval,0.808000087738
1425335786.96,ANXIETY_INDUCTION,heartbeat_interval,0.778446912766
1425335787.01,ANXIETY_INDUCTION,strides,85
1425335787.01,ANXIETY_INDUCTION,heart_rate,75
1425335787.01,ANXIETY_INDUCTION,activity,0.0
1425335787.75,ANXIETY_INDUCTION,strides,85
1425335787.75,ANXIETY_INDUCTION,heart_rate,75
1425335787.75,ANXIETY_INDUCTION,activity,0.0
1425335787.82,ANXIETY_INDUCTION,heartbeat_interval,0.859999895096
1425335788.65,ANXIETY_INDUCTION,heartbeat_interval,0.82244682312
1425335788.87,ANXIETY_INDUCTION,strides,85
1425335788.87,ANXIETY_INDUCTION,heart_rate,75
1425335788.87,ANXIETY_INDUCTION,activity,0.0
1425335789.41,ANXIETY_INDUCTION,heartbeat_interval,0.770446538925
1425335789.97,ANXIETY_INDUCTION,strides,85
1425335789.97,ANXIETY_INDUCTION,heart_rate,75
1425335789.97,ANXIETY_INDUCTION,activity,0.0
1425335790.19,ANXIETY_INDUCTION,heartbeat_interval,0.770447254181
1425335790.71,ANXIETY_INDUCTION,strides,85
1425335790.71,ANXIETY_INDUCTION,heart_rate,75
1425335790.71,ANXIETY_INDUCTION,activity,0.0
1425335790.97,ANXIETY_INDUCTION,heartbeat_interval,0.782446622849
1425335791.78,ANXIETY_INDUCTION,heartbeat_interval,0.815999984741
1425335791.83,ANXIETY_INDUCTION,strides,85
1425335791.83,ANXIETY_INDUCTION,heart_rate,75
1425335791.83,ANXIETY_INDUCTION,activity,0.0
1425335792.53,ANXIETY_INDUCTION,heartbeat_interval,0.74799990654
1425335792.94,ANXIETY_INDUCTION,strides,85
1425335792.94,ANXIETY_INDUCTION,heart_rate,75
1425335792.94,ANXIETY_INDUCTION,activity,0.0
1425335793.3,ANXIETY_INDUCTION,heartbeat_interval,0.764000177383
1425335793.68,ANXIETY_INDUCTION,strides,85
1425335793.68,ANXIETY_INDUCTION,heart_rate,75
1425335793.68,ANXIETY_INDUCTION,activity,0.0
1425335794.11,ANXIETY_INDUCTION,heartbeat_interval,0.815999984741
1425335794.78,ANXIETY_INDUCTION,strides,85
1425335794.78,ANXIETY_INDUCTION,heart_rate,75
1425335794.78,ANXIETY_INDUCTION,activity,0.0
1425335794.93,ANXIETY_INDUCTION,heartbeat_interval,0.823999881744
1425335795.72,ANXIETY_INDUCTION,heartbeat_interval,0.78400015831
1425335795.9,ANXIETY_INDUCTION,strides,85
1425335795.9,ANXIETY_INDUCTION,heart_rate,75
1425335795.9,ANXIETY_INDUCTION,activity,0.0
1425335796.54,ANXIETY_INDUCTION,heartbeat_interval,0.815999984741
1425335797.01,ANXIETY_INDUCTION,strides,85
1425335797.01,ANXIETY_INDUCTION,heart_rate,75
1425335797.01,ANXIETY_INDUCTION,activity,0.0
1425335797.38,ANXIETY_INDUCTION,heartbeat_interval,0.843999862671
1425335797.75,ANXIETY_INDUCTION,strides,85
1425335797.75,ANXIETY_INDUCTION,heart_rate,75
1425335797.76,ANXIETY_INDUCTION,activity,0.0
1425335798.23,ANXIETY_INDUCTION,heartbeat_interval,0.851999998093
1425335798.86,ANXIETY_INDUCTION,strides,85
1425335798.86,ANXIETY_INDUCTION,heart_rate,74
1425335798.86,ANXIETY_INDUCTION,activity,0.0
1425335799.03,ANXIETY_INDUCTION,heartbeat_interval,0.799999952316
1425335799.86,ANXIETY_INDUCTION,heartbeat_interval,0.820533275604
1425335799.96,ANXIETY_INDUCTION,strides,85
1425335799.96,ANXIETY_INDUCTION,heart_rate,74
1425335799.96,ANXIETY_INDUCTION,activity,0.0
1425335800.7,ANXIETY_INDUCTION,strides,85
1425335800.7,ANXIETY_INDUCTION,heart_rate,74
1425335800.7,ANXIETY_INDUCTION,activity,0.0
1425335800.72,ANXIETY_INDUCTION,heartbeat_interval,0.864000082016
1425335801.53,ANXIETY_INDUCTION,heartbeat_interval,0.808532953262
1425335801.82,ANXIETY_INDUCTION,strides,85
1425335801.82,ANXIETY_INDUCTION,heart_rate,73
1425335801.82,ANXIETY_INDUCTION,activity,0.0
1425335802.27,ANXIETY_INDUCTION,heartbeat_interval,0.748533010483
1425335802.92,ANXIETY_INDUCTION,strides,85
1425335802.92,ANXIETY_INDUCTION,heart_rate,74
1425335802.92,ANXIETY_INDUCTION,activity,0.0
1425335803.07,ANXIETY_INDUCTION,heartbeat_interval,0.792533397675
1425335803.87,ANXIETY_INDUCTION,heartbeat_interval,0.804533243179
1425335804.04,ANXIETY_INDUCTION,strides,85
1425335804.04,ANXIETY_INDUCTION,heart_rate,74
1425335804.04,ANXIETY_INDUCTION,activity,0.0
1425335804.63,ANXIETY_INDUCTION,heartbeat_interval,0.759999990463
1425335804.78,ANXIETY_INDUCTION,strides,85
1425335804.78,ANXIETY_INDUCTION,heart_rate,74
1425335804.78,ANXIETY_INDUCTION,activity,0.0
1425335805.36,ANXIETY_INDUCTION,heartbeat_interval,0.727999925613
1425335805.88,ANXIETY_INDUCTION,strides,85
1425335805.88,ANXIETY_INDUCTION,heart_rate,75
1425335805.88,ANXIETY_INDUCTION,activity,0.0
1425335806.15,ANXIETY_INDUCTION,heartbeat_interval,0.788000106812
1425335806.97,ANXIETY_INDUCTION,heartbeat_interval,0.819999933243
1425335807.0,ANXIETY_INDUCTION,strides,85
1425335807.0,ANXIETY_INDUCTION,heart_rate,76
1425335807.0,ANXIETY_INDUCTION,activity,0.0
1425335807.74,ANXIETY_INDUCTION,strides,85
1425335807.74,ANXIETY_INDUCTION,heartbeat_interval,0.763999938965
1425335807.74,ANXIETY_INDUCTION,heart_rate,75
1425335807.74,ANXIETY_INDUCTION,activity,0.0
