1425409985.21,SAMPLE,strides,41
1425409985.21,SAMPLE,heart_rate,78
1425409985.21,SAMPLE,activity,0.0
1425409986.06,SAMPLE,heartbeat_interval,0.844000101089
1425409986.33,SAMPLE,strides,41
1425409986.33,SAMPLE,heart_rate,77
1425409986.33,SAMPLE,activity,0.0
1425409986.68,SAMPLE,heartbeat_interval,0.631051778793
1425409987.06,SAMPLE,strides,41
1425409987.06,SAMPLE,heart_rate,76
1425409987.06,SAMPLE,activity,0.0
1425409987.52,SAMPLE,heartbeat_interval,0.835999965668
1425409988.17,SAMPLE,strides,41
1425409988.17,SAMPLE,heart_rate,76
1425409988.17,SAMPLE,activity,0.0
1425409988.25,SAMPLE,heartbeat_interval,0.73752617836
1425409988.9,SAMPLE,strides,41
1425409988.9,SAMPLE,heart_rate,75
1425409988.9,SAMPLE,activity,0.0
1425409989.03,SAMPLE,heartbeat_interval,0.767315626144
1425409989.72,SAMPLE,heartbeat_interval,0.690631389618
1425409990.02,SAMPLE,strides,41
1425409990.02,SAMPLE,heart_rate,75
1425409990.02,SAMPLE,activity,0.0
1425409990.39,SAMPLE,heartbeat_interval,0.671469926834
1425409991.13,SAMPLE,strides,41
1425409991.13,SAMPLE,heart_rate,75
1425409991.13,SAMPLE,activity,0.0
1425409991.17,SAMPLE,heartbeat_interval,0.788000106812
1425409991.94,SAMPLE,heartbeat_interval,0.768839120865
1425409992.25,SAMPLE,strides,41
1425409992.25,SAMPLE,heart_rate,75
1425409992.25,SAMPLE,activity,0.0
1425409992.7,SAMPLE,heartbeat_interval,0.75283908844
1425409992.98,SAMPLE,strides,41
1425409992.98,SAMPLE,heart_rate,75
1425409992.98,SAMPLE,activity,0.0
1425409993.45,SAMPLE,heartbeat_interval,0.752838850021
1425409994.22,SAMPLE,heartbeat_interval,0.768839120865
1425409994.46,SAMPLE,strides,41
1425409994.46,SAMPLE,heart_rate,76
1425409994.46,SAMPLE,activity,0.0
1425409994.98,SAMPLE,heartbeat_interval,0.740000009537
1425409995.22,SAMPLE,strides,41
1425409995.22,SAMPLE,heart_rate,76
1425409995.22,SAMPLE,activity,0.0
1425409995.67,SAMPLE,heartbeat_interval,0.719999790192
1425409995.93,SAMPLE,strides,41
1425409995.93,SAMPLE,heart_rate,77
1425409995.94,SAMPLE,activity,0.0
1425409996.4,SAMPLE,heartbeat_interval,0.70632147789
1425409997.05,SAMPLE,strides,41
1425409997.05,SAMPLE,heart_rate,77
1425409997.05,SAMPLE,activity,0.0
1425409997.14,SAMPLE,heartbeat_interval,0.751999855042
1425409997.94,SAMPLE,heartbeat_interval,0.806321382523
1425409998.17,SAMPLE,strides,41
1425409998.17,SAMPLE,heart_rate,78
1425409998.17,SAMPLE,activity,0.0
1425409998.79,SAMPLE,heartbeat_interval,0.846321105957
1425409998.89,SAMPLE,strides,41
1425409998.89,SAMPLE,heart_rate,77
1425409998.89,SAMPLE,activity,0.0
1425409999.65,SAMPLE,heartbeat_interval,0.85832118988
1425410000.38,SAMPLE,strides,41
1425410000.38,SAMPLE,heart_rate,76
1425410000.38,SAMPLE,activity,0.0
1425410000.51,SAMPLE,heartbeat_interval,0.854321241379
1425410001.12,SAMPLE,strides,41
1425410001.12,SAMPLE,heart_rate,75
1425410001.12,SAMPLE,activity,0.0
1425410001.37,SAMPLE,heartbeat_interval,0.871999979019
1425410002.2,SAMPLE,heartbeat_interval,0.825398206711
1425410002.25,SAMPLE,strides,41
1425410002.25,SAMPLE,heart_rate,74
1425410002.25,SAMPLE,activity,0.0
1425410002.97,SAMPLE,strides,41
1425410002.97,SAMPLE,heart_rate,74
1425410002.97,SAMPLE,activity,0.0
1425410003.04,SAMPLE,heartbeat_interval,0.828000068665
1425410003.85,SAMPLE,heartbeat_interval,0.821398258209
1425410004.08,SAMPLE,strides,41
1425410004.08,SAMPLE,heart_rate,74
1425410004.08,SAMPLE,activity,0.0
1425410004.67,SAMPLE,heartbeat_interval,0.82939863205
1425410005.19,SAMPLE,strides,41
1425410005.19,SAMPLE,heart_rate,73
1425410005.19,SAMPLE,activity,0.0
1425410005.53,SAMPLE,heartbeat_interval,0.849398136139
1425410005.93,SAMPLE,strides,41
1425410005.93,SAMPLE,heart_rate,73
1425410005.93,SAMPLE,activity,0.0
1425410006.42,SAMPLE,heartbeat_interval,0.861398696899
1425410007.22,SAMPLE,heartbeat_interval,0.827999830246
1425410007.4,SAMPLE,strides,41
1425410007.4,SAMPLE,heart_rate,73
1425410007.4,SAMPLE,activity,0.0
1425410008.05,SAMPLE,heartbeat_interval,0.840000152588
1425410008.16,SAMPLE,strides,41
1425410008.16,SAMPLE,heart_rate,72
1425410008.16,SAMPLE,activity,0.0
1425410008.87,SAMPLE,heartbeat_interval,0.815999984741
1425410008.89,SAMPLE,strides,41
1425410008.89,SAMPLE,heart_rate,72
1425410008.89,SAMPLE,activity,0.0
1425410009.68,SAMPLE,heartbeat_interval,0.807999849319
1425410010.01,SAMPLE,strides,41
1425410010.01,SAMPLE,heart_rate,72
1425410010.01,SAMPLE,activity,0.0
1425410010.44,SAMPLE,heartbeat_interval,0.756000041962
1425410011.12,SAMPLE,strides,41
1425410011.12,SAMPLE,heart_rate,73
1425410011.12,SAMPLE,activity,0.0
1425410011.15,SAMPLE,heartbeat_interval,0.703999996185
1425410011.84,SAMPLE,heartbeat_interval,0.692000150681
1425410012.23,SAMPLE,strides,41
1425410012.23,SAMPLE,heart_rate,74
1425410012.23,SAMPLE,activity,0.0
1425410012.53,SAMPLE,heartbeat_interval,0.699999809265
1425410012.96,SAMPLE,strides,41
1425410012.96,SAMPLE,heart_rate,76
1425410012.96,SAMPLE,activity,0.0
1425410013.32,SAMPLE,heartbeat_interval,0.780000209808
1425410014.14,SAMPLE,heartbeat_interval,0.827999830246
1425410014.43,SAMPLE,strides,41
1425410014.43,SAMPLE,heart_rate,76
1425410014.43,SAMPLE,activity,0.0
1425410014.98,SAMPLE,heartbeat_interval,0.835999965668
1425410015.18,SAMPLE,strides,41
1425410015.18,SAMPLE,heart_rate,76
1425410015.18,SAMPLE,activity,0.0
1425410015.81,SAMPLE,heartbeat_interval,0.836000204086
1425410015.93,SAMPLE,strides,41
1425410015.93,SAMPLE,heart_rate,75
1425410015.93,SAMPLE,activity,0.0
1425410016.67,SAMPLE,heartbeat_interval,0.855999946594
1425410017.04,SAMPLE,strides,41
1425410017.04,SAMPLE,heart_rate,75
1425410017.04,SAMPLE,activity,0.0
1425410017.51,SAMPLE,heartbeat_interval,0.843999862671
1425410018.38,SAMPLE,heartbeat_interval,0.851999998093
1425410018.51,SAMPLE,strides,41
1425410018.51,SAMPLE,heart_rate,74
1425410018.51,SAMPLE,activity,0.0
1425410018.88,SAMPLE,strides,41
1425410018.88,SAMPLE,heart_rate,74
1425410018.88,SAMPLE,activity,0.0
1425410019.18,SAMPLE,heartbeat_interval,0.81200003624
1425410019.97,SAMPLE,heartbeat_interval,0.792000055313
1425410019.98,SAMPLE,strides,41
1425410019.98,SAMPLE,heart_rate,74
1425410019.98,SAMPLE,activity,0.0
1425410020.76,SAMPLE,heartbeat_interval,0.787999868393
1425410021.47,SAMPLE,strides,41
1425410021.47,SAMPLE,heart_rate,74
1425410021.47,SAMPLE,activity,0.0
1425410021.55,SAMPLE,heartbeat_interval,0.788000106812
1425410022.21,SAMPLE,strides,41
1425410022.21,SAMPLE,heart_rate,74
1425410022.21,SAMPLE,activity,0.0
1425410022.37,SAMPLE,heartbeat_interval,0.832000017166
1425410022.95,SAMPLE,strides,41
1425410022.95,SAMPLE,heart_rate,74
1425410022.95,SAMPLE,activity,0.0
1425410023.28,SAMPLE,heartbeat_interval,0.904000043869
1425410024.06,SAMPLE,strides,41
1425410024.06,SAMPLE,heart_rate,74
1425410024.06,SAMPLE,activity,0.0
1425410024.21,SAMPLE,heartbeat_interval,0.927999973297
1425410025.11,SAMPLE,heartbeat_interval,0.907999992371
1425410025.17,SAMPLE,strides,41
1425410025.17,SAMPLE,heart_rate,73
1425410025.17,SAMPLE,activity,0.0
1425410025.9,SAMPLE,strides,41
1425410025.9,SAMPLE,heart_rate,72
1425410025.9,SAMPLE,activity,0.0
1425410026.01,SAMPLE,heartbeat_interval,0.888000011444
1425410026.88,SAMPLE,heartbeat_interval,0.871999979019
1425410027.02,SAMPLE,strides,41
1425410027.02,SAMPLE,heart_rate,71
1425410027.02,SAMPLE,activity,0.0
1425410027.68,SAMPLE,heartbeat_interval,0.796000003815
1425410028.12,SAMPLE,strides,41
1425410028.12,SAMPLE,heart_rate,72
1425410028.12,SAMPLE,activity,0.0
1425410028.43,SAMPLE,heartbeat_interval,0.759999990463
1425410028.87,SAMPLE,strides,41
1425410028.87,SAMPLE,heart_rate,72
1425410028.88,SAMPLE,activity,0.0
1425410029.19,SAMPLE,heartbeat_interval,0.756000041962
1425410029.95,SAMPLE,heartbeat_interval,0.763999938965
1425410029.98,SAMPLE,strides,41
1425410029.98,SAMPLE,heart_rate,73
1425410029.98,SAMPLE,activity,0.0
1425410030.76,SAMPLE,heartbeat_interval,0.799999952316
1425410031.09,SAMPLE,strides,41
1425410031.09,SAMPLE,heart_rate,74
1425410031.09,SAMPLE,activity,0.0
1425410031.52,SAMPLE,heartbeat_interval,0.772000074387
1425410032.19,SAMPLE,strides,41
1425410032.2,SAMPLE,heart_rate,74
1425410032.2,SAMPLE,activity,0.0
1425410032.28,SAMPLE,heartbeat_interval,0.746160507202
1425410032.94,SAMPLE,strides,41
1425410032.94,SAMPLE,heart_rate,75
1425410032.94,SAMPLE,activity,0.0
1425410033.03,SAMPLE,heartbeat_interval,0.754160881042
1425410033.86,SAMPLE,heartbeat_interval,0.827999830246
1425410034.05,SAMPLE,strides,41
1425410034.05,SAMPLE,heart_rate,75
1425410034.05,SAMPLE,activity,0.0
1425410034.69,SAMPLE,heartbeat_interval,0.834160327911
1425410035.16,SAMPLE,strides,41
1425410035.16,SAMPLE,heart_rate,75
1425410035.16,SAMPLE,activity,0.0
1425410035.5,SAMPLE,heartbeat_interval,0.81016087532
1425410035.9,SAMPLE,strides,41
1425410035.9,SAMPLE,heart_rate,75
1425410035.9,SAMPLE,activity,0.0
1425410036.26,SAMPLE,heartbeat_interval,0.762160301208
1425410037.0,SAMPLE,strides,41
1425410037.0,SAMPLE,heart_rate,75
1425410037.0,SAMPLE,activity,0.0
1425410037.02,SAMPLE,heartbeat_interval,0.759999990463
1425410037.81,SAMPLE,heartbeat_interval,0.792000055313
1425410038.12,SAMPLE,strides,41
1425410038.12,SAMPLE,heart_rate,75
1425410038.12,SAMPLE,activity,0.0
1425410038.63,SAMPLE,heartbeat_interval,0.81312417984
1425410038.86,SAMPLE,strides,41
1425410038.86,SAMPLE,heart_rate,75
1425410038.86,SAMPLE,activity,0.0
1425410039.46,SAMPLE,heartbeat_interval,0.841123819351
1425410039.97,SAMPLE,strides,41
1425410039.97,SAMPLE,heart_rate,75
1425410039.97,SAMPLE,activity,0.0
1425410040.24,SAMPLE,heartbeat_interval,0.777124166489
1425410041.01,SAMPLE,heartbeat_interval,0.761124134064
1425410041.09,SAMPLE,strides,41
1425410041.09,SAMPLE,heart_rate,75
1425410041.09,SAMPLE,activity,0.0
1425410041.8,SAMPLE,heartbeat_interval,0.796000003815
1425410042.19,SAMPLE,strides,41
1425410042.19,SAMPLE,heart_rate,75
1425410042.19,SAMPLE,activity,0.0
1425410042.59,SAMPLE,heartbeat_interval,0.785123825073
1425410042.95,SAMPLE,strides,41
1425410042.95,SAMPLE,heart_rate,75
1425410042.95,SAMPLE,activity,0.0
1425410043.37,SAMPLE,heartbeat_interval,0.792000055313
1425410044.04,SAMPLE,strides,41
1425410044.04,SAMPLE,heart_rate,76
1425410044.04,SAMPLE,activity,0.0
1425410044.15,SAMPLE,heartbeat_interval,0.772000074387
1425410044.92,SAMPLE,heartbeat_interval,0.767999887466
1425410045.15,SAMPLE,strides,41
1425410045.15,SAMPLE,heart_rate,76
1425410045.15,SAMPLE,activity,0.0
1425410045.71,SAMPLE,heartbeat_interval,0.792000055313
1425410045.89,SAMPLE,strides,41
1425410045.89,SAMPLE,heart_rate,76
1425410045.89,SAMPLE,activity,0.0
1425410046.52,SAMPLE,heartbeat_interval,0.799999952316
1425410047.0,SAMPLE,strides,41
1425410047.0,SAMPLE,heart_rate,76
1425410047.0,SAMPLE,activity,0.0
1425410047.28,SAMPLE,heartbeat_interval,0.772000074387
1425410048.05,SAMPLE,heartbeat_interval,0.771044254303
1425410048.49,SAMPLE,strides,41
1425410048.49,SAMPLE,heart_rate,76
1425410048.49,SAMPLE,activity,0.0
1425410048.85,SAMPLE,strides,41
1425410048.85,SAMPLE,heartbeat_interval,0.796000003815
1425410048.85,SAMPLE,heart_rate,76
1425410048.85,SAMPLE,activity,0.0
1425410049.65,SAMPLE,heartbeat_interval,0.799044132233
1425410049.95,SAMPLE,strides,41
1425410049.95,SAMPLE,heart_rate,76
1425410049.95,SAMPLE,activity,0.0
1425410050.42,SAMPLE,heartbeat_interval,0.767044305801
1425410051.07,SAMPLE,strides,41
1425410051.07,SAMPLE,heart_rate,76
1425410051.07,SAMPLE,activity,0.0
1425410051.18,SAMPLE,heartbeat_interval,0.771044254303
1425410052.02,SAMPLE,heartbeat_interval,0.831043958664
1425410052.17,SAMPLE,strides,41
1425410052.17,SAMPLE,heart_rate,76
1425410052.17,SAMPLE,activity,0.0
1425410052.82,SAMPLE,heartbeat_interval,0.803999900818
1425410052.91,SAMPLE,strides,41
1425410052.91,SAMPLE,heart_rate,76
1425410052.91,SAMPLE,activity,0.0
1425410053.64,SAMPLE,heartbeat_interval,0.815999984741
1425410054.03,SAMPLE,strides,41
1425410054.03,SAMPLE,heart_rate,76
1425410054.03,SAMPLE,activity,0.0
1425410054.46,SAMPLE,heartbeat_interval,0.820000171661
1425410055.13,SAMPLE,strides,41
1425410055.13,SAMPLE,heart_rate,75
1425410055.13,SAMPLE,activity,0.0
1425410055.26,SAMPLE,heartbeat_interval,0.799999952316
1425410055.88,SAMPLE,strides,41
1425410055.88,SAMPLE,heart_rate,75
1425410055.88,SAMPLE,activity,0.0
1425410056.08,SAMPLE,heartbeat_interval,0.823999881744
1425410056.87,SAMPLE,heartbeat_interval,0.788000106812
1425410056.99,SAMPLE,strides,41
1425410056.99,SAMPLE,heart_rate,75
1425410056.99,SAMPLE,activity,0.0
1425410057.67,SAMPLE,heartbeat_interval,0.799999952316
1425410058.09,SAMPLE,strides,41
1425410058.09,SAMPLE,heart_rate,75
1425410058.09,SAMPLE,activity,0.0
1425410058.44,SAMPLE,heartbeat_interval,0.763999938965
1425410059.18,SAMPLE,heartbeat_interval,0.748000144958
1425410059.2,SAMPLE,strides,41
1425410059.2,SAMPLE,heart_rate,75
1425410059.2,SAMPLE,activity,0.0
1425410059.89,SAMPLE,heartbeat_interval,0.703999996185
1425410059.95,SAMPLE,strides,41
1425410059.95,SAMPLE,heart_rate,76
1425410059.95,SAMPLE,activity,0.0
1425410060.55,SAMPLE,heartbeat_interval,0.667999982834
1425410061.05,SAMPLE,strides,41
1425410061.05,SAMPLE,heart_rate,77
1425410061.05,SAMPLE,activity,0.0
1425410061.24,SAMPLE,heartbeat_interval,0.680000066757
1425410061.87,SAMPLE,heartbeat_interval,0.643999814987
1425410062.17,SAMPLE,strides,41
1425410062.17,SAMPLE,heart_rate,79
1425410062.17,SAMPLE,activity,0.0
1425410062.52,SAMPLE,heartbeat_interval,0.648000001907
1425410062.91,SAMPLE,strides,41
1425410062.91,SAMPLE,heart_rate,80
1425410062.91,SAMPLE,activity,0.0
1425410063.19,SAMPLE,heartbeat_interval,0.656000137329
1425410063.84,SAMPLE,heartbeat_interval,0.651999950409
1425410064.38,SAMPLE,strides,42
1425410064.38,SAMPLE,heart_rate,82
1425410064.38,SAMPLE,activity,0.333333333333
1425410064.51,SAMPLE,heartbeat_interval,0.675999879837
1425410065.13,SAMPLE,strides,42
1425410065.13,SAMPLE,heart_rate,83
1425410065.13,SAMPLE,activity,0.333333333333
1425410065.18,SAMPLE,heartbeat_interval,0.673579454422
1425410065.86,SAMPLE,strides,42
1425410065.86,SAMPLE,heart_rate,83
1425410065.86,SAMPLE,activity,0.0
1425410065.87,SAMPLE,heartbeat_interval,0.691999912262
1425410066.57,SAMPLE,heartbeat_interval,0.69357919693
1425410066.98,SAMPLE,strides,42
1425410066.98,SAMPLE,heart_rate,84
1425410066.98,SAMPLE,activity,0.0
1425410067.26,SAMPLE,heartbeat_interval,0.681579351425
1425410067.94,SAMPLE,heartbeat_interval,0.68799996376
1425410068.09,SAMPLE,strides,42
1425410068.09,SAMPLE,heart_rate,84
1425410068.09,SAMPLE,activity,0.0
1425410068.6,SAMPLE,heartbeat_interval,0.669579267502
1425410069.19,SAMPLE,strides,42
1425410069.19,SAMPLE,heart_rate,85
1425410069.2,SAMPLE,activity,0.0
1425410069.26,SAMPLE,heartbeat_interval,0.653579235077
1425410069.9,SAMPLE,heartbeat_interval,0.643999814987
1425410069.94,SAMPLE,strides,42
1425410069.94,SAMPLE,heart_rate,85
1425410069.94,SAMPLE,activity,0.0
1425410070.55,SAMPLE,heartbeat_interval,0.640000104904
1425410071.05,SAMPLE,strides,42
1425410071.05,SAMPLE,heart_rate,86
1425410071.05,SAMPLE,activity,0.0
1425410071.32,SAMPLE,heartbeat_interval,0.628000020981
1425410071.82,SAMPLE,heartbeat_interval,0.651999950409
1425410072.51,SAMPLE,heartbeat_interval,0.680000066757
1425410072.52,SAMPLE,strides,42
1425410072.52,SAMPLE,heart_rate,87
1425410072.52,SAMPLE,activity,0.0
1425410072.89,SAMPLE,strides,42
1425410072.89,SAMPLE,heart_rate,88
1425410072.89,SAMPLE,activity,0.0
1425410073.22,SAMPLE,heartbeat_interval,0.711999893188
1425410073.93,SAMPLE,heartbeat_interval,0.712000131607
1425410074.01,SAMPLE,strides,42
1425410074.01,SAMPLE,heart_rate,88
1425410074.01,SAMPLE,activity,0.0
1425410074.68,SAMPLE,heartbeat_interval,0.756000041962
1425410075.46,SAMPLE,heartbeat_interval,0.771999835968
1425410075.48,SAMPLE,strides,42
1425410075.48,SAMPLE,heart_rate,87
1425410075.48,SAMPLE,activity,0.0
1425410076.22,SAMPLE,strides,42
1425410076.22,SAMPLE,heart_rate,86
1425410076.22,SAMPLE,activity,0.0
1425410076.24,SAMPLE,heartbeat_interval,0.77999997139
1425410076.97,SAMPLE,strides,42
1425410076.97,SAMPLE,heart_rate,85
1425410076.97,SAMPLE,activity,0.0
1425410077.25,SAMPLE,heartbeat_interval,0.776000022888
1425410077.79,SAMPLE,heartbeat_interval,0.772000074387
1425410078.44,SAMPLE,strides,42
1425410078.44,SAMPLE,heart_rate,84
1425410078.44,SAMPLE,activity,0.0
1425410078.55,SAMPLE,heartbeat_interval,0.772000074387
1425410079.18,SAMPLE,strides,42
1425410079.18,SAMPLE,heart_rate,83
1425410079.19,SAMPLE,activity,0.0
1425410079.31,SAMPLE,heartbeat_interval,0.756000041962
1425410079.93,SAMPLE,strides,42
1425410079.93,SAMPLE,heart_rate,83
1425410079.93,SAMPLE,activity,0.0
1425410080.06,SAMPLE,heartbeat_interval,0.743999958038
1425410080.82,SAMPLE,heartbeat_interval,0.759999990463
1425410081.04,SAMPLE,strides,42
1425410081.04,SAMPLE,heart_rate,83
1425410081.04,SAMPLE,activity,0.0
1425410081.59,SAMPLE,heartbeat_interval,0.771999835968
1425410082.15,SAMPLE,strides,42
1425410082.15,SAMPLE,heart_rate,82
1425410082.15,SAMPLE,activity,0.0
1425410082.35,SAMPLE,heartbeat_interval,0.759999990463
1425410083.14,SAMPLE,heartbeat_interval,0.788000106812
1425410083.25,SAMPLE,strides,42
1425410083.25,SAMPLE,heart_rate,82
1425410083.25,SAMPLE,activity,0.0
1425410083.92,SAMPLE,heartbeat_interval,0.77999997139
1425410084.0,SAMPLE,strides,42
1425410084.0,SAMPLE,heart_rate,81
1425410084.0,SAMPLE,activity,0.0
1425410084.66,SAMPLE,heartbeat_interval,0.743999958038
1425410085.41,SAMPLE,heartbeat_interval,0.748000144958
1425410085.48,SAMPLE,strides,42
1425410085.48,SAMPLE,heart_rate,81
1425410085.48,SAMPLE,activity,0.0
1425410085.85,SAMPLE,strides,42
1425410085.85,SAMPLE,heart_rate,81
1425410085.85,SAMPLE,activity,0.0
1425410086.15,SAMPLE,heartbeat_interval,0.743999958038
1425410086.89,SAMPLE,heartbeat_interval,0.743999958038
1425410086.95,SAMPLE,strides,42
1425410086.95,SAMPLE,heart_rate,81
1425410086.95,SAMPLE,activity,0.0
1425410087.64,SAMPLE,heartbeat_interval,0.743999958038
1425410088.07,SAMPLE,strides,42
1425410088.07,SAMPLE,heart_rate,81
1425410088.07,SAMPLE,activity,0.0
1425410088.4,SAMPLE,heartbeat_interval,0.759999990463
1425410089.17,SAMPLE,heartbeat_interval,0.765093803406
1425410089.18,SAMPLE,strides,42
1425410089.18,SAMPLE,heart_rate,81
1425410089.18,SAMPLE,activity,0.0
1425410089.91,SAMPLE,strides,42
1425410089.91,SAMPLE,heart_rate,80
1425410089.91,SAMPLE,activity,0.0
1425410089.92,SAMPLE,heartbeat_interval,0.759999990463
1425410090.7,SAMPLE,heartbeat_interval,0.777093410492
1425410091.03,SAMPLE,strides,42
1425410091.03,SAMPLE,heart_rate,80
1425410091.03,SAMPLE,activity,0.0
1425410091.44,SAMPLE,heartbeat_interval,0.737093687057
1425410092.14,SAMPLE,strides,42
1425410092.14,SAMPLE,heart_rate,80
1425410092.14,SAMPLE,activity,0.0
1425410092.16,SAMPLE,heartbeat_interval,0.718708753586
1425410092.88,SAMPLE,strides,42
1425410092.88,SAMPLE,heart_rate,80
1425410092.88,SAMPLE,activity,0.0
1425410092.9,SAMPLE,heartbeat_interval,0.743999958038
1425410093.64,SAMPLE,heartbeat_interval,0.738708972931
1425410093.98,SAMPLE,strides,42
1425410093.98,SAMPLE,heart_rate,80
1425410093.98,SAMPLE,activity,0.0
1425410094.39,SAMPLE,heartbeat_interval,0.753615379333
1425410095.1,SAMPLE,strides,42
1425410095.1,SAMPLE,heart_rate,80
1425410095.1,SAMPLE,activity,0.0
1425410095.11,SAMPLE,heartbeat_interval,0.713557720184
1425410095.84,SAMPLE,strides,42
1425410095.84,SAMPLE,heart_rate,80
1425410095.84,SAMPLE,activity,0.0
1425410095.89,SAMPLE,heartbeat_interval,0.77999997139
1425410096.73,SAMPLE,heartbeat_interval,0.837558031082
1425410096.94,SAMPLE,strides,42
1425410096.94,SAMPLE,heart_rate,80
1425410096.94,SAMPLE,activity,0.0
1425410097.63,SAMPLE,heartbeat_interval,0.903941869736
1425410098.05,SAMPLE,strides,42
1425410098.05,SAMPLE,heart_rate,79
1425410098.05,SAMPLE,activity,0.0
1425410098.43,SAMPLE,heartbeat_interval,0.791942596436
1425410099.14,SAMPLE,heartbeat_interval,0.715941905975
1425410099.17,SAMPLE,strides,42
1425410099.17,SAMPLE,heart_rate,78
1425410099.17,SAMPLE,activity,0.0
1425410099.87,SAMPLE,heartbeat_interval,0.72000002861
1425410099.9,SAMPLE,strides,42
1425410099.9,SAMPLE,heart_rate,77
1425410099.9,SAMPLE,activity,0.0
1425410100.58,SAMPLE,heartbeat_interval,0.727999925613
1425410101.02,SAMPLE,strides,42
1425410101.02,SAMPLE,heart_rate,77
1425410101.02,SAMPLE,activity,0.0
1425410101.31,SAMPLE,heartbeat_interval,0.72000002861
1425410102.06,SAMPLE,heartbeat_interval,0.756000041962
1425410102.14,SAMPLE,strides,42
1425410102.14,SAMPLE,heart_rate,78
1425410102.14,SAMPLE,activity,0.0
1425410102.82,SAMPLE,heartbeat_interval,0.756000041962
1425410102.88,SAMPLE,strides,42
1425410102.88,SAMPLE,heart_rate,78
1425410102.88,SAMPLE,activity,0.0
1425410103.57,SAMPLE,heartbeat_interval,0.743999958038
1425410103.98,SAMPLE,strides,42
1425410103.98,SAMPLE,heart_rate,78
1425410103.98,SAMPLE,activity,0.0
1425410104.32,SAMPLE,heartbeat_interval,0.751999855042
1425410105.07,SAMPLE,heartbeat_interval,0.748000144958
1425410105.09,SAMPLE,strides,42
1425410105.09,SAMPLE,heart_rate,78
1425410105.09,SAMPLE,activity,0.0
1425410105.77,SAMPLE,heartbeat_interval,0.707999944687
1425410105.82,SAMPLE,strides,42
1425410105.82,SAMPLE,heart_rate,79
1425410105.82,SAMPLE,activity,0.0
1425410106.48,SAMPLE,heartbeat_interval,0.711999893188
1425410106.93,SAMPLE,strides,42
1425410106.93,SAMPLE,heart_rate,79
1425410106.93,SAMPLE,activity,0.0
1425410107.2,SAMPLE,heartbeat_interval,0.716000080109
1425410107.96,SAMPLE,heartbeat_interval,0.703999996185
1425410108.04,SAMPLE,strides,42
1425410108.04,SAMPLE,heart_rate,80
1425410108.04,SAMPLE,activity,0.0
1425410108.59,SAMPLE,heartbeat_interval,0.691999912262
1425410109.16,SAMPLE,strides,42
1425410109.16,SAMPLE,heart_rate,81
1425410109.16,SAMPLE,activity,0.0
1425410109.28,SAMPLE,heartbeat_interval,0.688000202179
1425410109.89,SAMPLE,strides,42
1425410109.89,SAMPLE,heart_rate,81
1425410109.89,SAMPLE,activity,0.0
1425410109.93,SAMPLE,heartbeat_interval,0.651999950409
1425410110.61,SAMPLE,heartbeat_interval,0.671999931335
1425410111.0,SAMPLE,strides,42
1425410111.0,SAMPLE,heart_rate,83
1425410111.0,SAMPLE,activity,0.0
1425410111.29,SAMPLE,heartbeat_interval,0.676000118256
1425410111.95,SAMPLE,heartbeat_interval,0.671999931335
1425410112.12,SAMPLE,strides,42
1425410112.12,SAMPLE,heart_rate,83
1425410112.12,SAMPLE,activity,0.0
1425410112.63,SAMPLE,heartbeat_interval,0.675999879837
1425410112.85,SAMPLE,strides,42
1425410112.85,SAMPLE,heart_rate,84
1425410112.85,SAMPLE,activity,0.0
1425410113.33,SAMPLE,heartbeat_interval,0.696000099182
1425410113.97,SAMPLE,strides,42
1425410113.97,SAMPLE,heart_rate,84
1425410113.97,SAMPLE,activity,0.0
1425410114.04,SAMPLE,heartbeat_interval,0.711999893188
1425410114.75,SAMPLE,heartbeat_interval,0.703999996185
1425410115.08,SAMPLE,strides,42
1425410115.08,SAMPLE,heart_rate,84
1425410115.08,SAMPLE,activity,0.0
1425410115.44,SAMPLE,heartbeat_interval,0.696000099182
1425410115.82,SAMPLE,strides,42
1425410115.82,SAMPLE,heart_rate,85
1425410115.82,SAMPLE,activity,0.0
1425410116.13,SAMPLE,heartbeat_interval,0.684000015259
1425410116.83,SAMPLE,heartbeat_interval,0.707999944687
1425410116.92,SAMPLE,strides,42
1425410116.92,SAMPLE,heart_rate,85
1425410116.92,SAMPLE,activity,0.0
1425410117.54,SAMPLE,heartbeat_interval,0.712000131607
1425410118.04,SAMPLE,strides,42
1425410118.04,SAMPLE,heart_rate,85
1425410118.04,SAMPLE,activity,0.0
1425410118.26,SAMPLE,heartbeat_interval,0.72000002861
1425410119.0,SAMPLE,heartbeat_interval,0.739999771118
1425410119.14,SAMPLE,strides,42
1425410119.14,SAMPLE,heart_rate,85
1425410119.14,SAMPLE,activity,0.0
1425410119.74,SAMPLE,heartbeat_interval,0.744000196457
1425410119.88,SAMPLE,strides,42
1425410119.88,SAMPLE,heart_rate,84
1425410119.88,SAMPLE,activity,0.0
1425410120.49,SAMPLE,heartbeat_interval,0.743999958038
1425410121.0,SAMPLE,strides,42
1425410121.0,SAMPLE,heart_rate,84
1425410121.0,SAMPLE,activity,0.0
1425410121.21,SAMPLE,heartbeat_interval,0.727999925613
1425410121.93,SAMPLE,heartbeat_interval,0.712000131607
1425410122.1,SAMPLE,strides,42
1425410122.1,SAMPLE,heart_rate,84
1425410122.1,SAMPLE,activity,0.0
1425410122.63,SAMPLE,heartbeat_interval,0.699999809265
1425410122.84,SAMPLE,strides,42
1425410122.84,SAMPLE,heart_rate,84
1425410122.84,SAMPLE,activity,0.0
1425410123.36,SAMPLE,heartbeat_interval,0.732000112534
1425410123.95,SAMPLE,strides,42
1425410123.95,SAMPLE,heart_rate,84
1425410123.95,SAMPLE,activity,0.0
1425410124.14,SAMPLE,heartbeat_interval,0.776000022888
1425410124.89,SAMPLE,heartbeat_interval,0.749365568161
1425410125.07,SAMPLE,strides,42
1425410125.07,SAMPLE,heart_rate,83
1425410125.07,SAMPLE,activity,0.0
1425410125.65,SAMPLE,heartbeat_interval,0.759999990463
1425410125.8,SAMPLE,strides,42
1425410125.8,SAMPLE,heart_rate,83
1425410125.8,SAMPLE,activity,0.0
1425410126.44,SAMPLE,heartbeat_interval,0.793365240097
1425410126.92,SAMPLE,strides,42
1425410126.92,SAMPLE,heart_rate,82
1425410126.92,SAMPLE,activity,0.0
1425410127.27,SAMPLE,heartbeat_interval,0.817365884781
1425410128.03,SAMPLE,strides,42
1425410128.03,SAMPLE,heart_rate,81
1425410128.03,SAMPLE,activity,0.0
1425410128.08,SAMPLE,heartbeat_interval,0.821365356445
1425410128.84,SAMPLE,heartbeat_interval,0.763999938965
1425410129.19,SAMPLE,strides,42
1425410129.19,SAMPLE,heart_rate,81
1425410129.19,SAMPLE,activity,0.0
1425410129.61,SAMPLE,heartbeat_interval,0.762928247452
1425410129.87,SAMPLE,strides,42
1425410129.87,SAMPLE,heart_rate,80
1425410129.87,SAMPLE,activity,0.0
1425410130.36,SAMPLE,heartbeat_interval,0.753561973572
1425410130.99,SAMPLE,strides,42
1425410130.99,SAMPLE,heart_rate,80
1425410130.99,SAMPLE,activity,0.0
1425410131.11,SAMPLE,heartbeat_interval,0.741562128067
1425410131.82,SAMPLE,heartbeat_interval,0.72000002861
1425410132.1,SAMPLE,strides,42
1425410132.1,SAMPLE,heart_rate,80
1425410132.1,SAMPLE,activity,0.0
1425410132.53,SAMPLE,heartbeat_interval,0.701562404633
1425410132.83,SAMPLE,strides,42
1425410132.83,SAMPLE,heart_rate,81
1425410132.83,SAMPLE,activity,0.0
1425410133.24,SAMPLE,heartbeat_interval,0.709562063217
1425410133.95,SAMPLE,heartbeat_interval,0.707999944687
1425410133.96,SAMPLE,strides,42
1425410133.96,SAMPLE,heart_rate,81
1425410133.96,SAMPLE,activity,0.0
1425410134.66,SAMPLE,heartbeat_interval,0.72000002861
1425410135.06,SAMPLE,strides,42
1425410135.06,SAMPLE,heart_rate,82
1425410135.06,SAMPLE,activity,0.0
1425410135.35,SAMPLE,heartbeat_interval,0.688105583191
1425410135.8,SAMPLE,strides,42
1425410135.8,SAMPLE,heart_rate,82
1425410135.8,SAMPLE,activity,0.0
1425410136.1,SAMPLE,heartbeat_interval,0.748105764389
1425410136.81,SAMPLE,heartbeat_interval,0.72000002861
1425410136.91,SAMPLE,strides,42
1425410136.91,SAMPLE,heart_rate,82
1425410136.91,SAMPLE,activity,0.0
1425410137.56,SAMPLE,heartbeat_interval,0.740105390549
1425410138.02,SAMPLE,strides,42
1425410138.02,SAMPLE,heart_rate,82
1425410138.02,SAMPLE,activity,0.0
1425410138.32,SAMPLE,heartbeat_interval,0.756105661392
1425410139.05,SAMPLE,heartbeat_interval,0.744105577469
1425410139.12,SAMPLE,strides,42
1425410139.13,SAMPLE,heart_rate,82
1425410139.13,SAMPLE,activity,0.0
1425410139.83,SAMPLE,heartbeat_interval,0.77999997139
1425410139.87,SAMPLE,strides,42
1425410139.87,SAMPLE,heart_rate,82
1425410139.87,SAMPLE,activity,0.0
1425410140.63,SAMPLE,heartbeat_interval,0.792000055313
1425410140.98,SAMPLE,strides,42
1425410140.98,SAMPLE,heart_rate,81
1425410140.98,SAMPLE,activity,0.0
1425410141.43,SAMPLE,heartbeat_interval,0.804000139236
1425410142.1,SAMPLE,strides,42
1425410142.1,SAMPLE,heart_rate,81
1425410142.1,SAMPLE,activity,0.0
1425410142.18,SAMPLE,heartbeat_interval,0.748015165329
1425410142.83,SAMPLE,strides,42
1425410142.83,SAMPLE,heart_rate,80
1425410142.83,SAMPLE,activity,0.0
1425410142.93,SAMPLE,heartbeat_interval,0.755999803543
1425410143.7,SAMPLE,heartbeat_interval,0.760015487671
1425410143.94,SAMPLE,strides,42
1425410143.94,SAMPLE,heart_rate,80
1425410143.94,SAMPLE,activity,0.0
1425410144.46,SAMPLE,heartbeat_interval,0.768014907837
1425410145.05,SAMPLE,strides,42
1425410145.05,SAMPLE,heart_rate,79
1425410145.05,SAMPLE,activity,0.0
1425410145.17,SAMPLE,heartbeat_interval,0.712015390396
1425410145.89,SAMPLE,heartbeat_interval,0.712015151978
1425410146.16,SAMPLE,strides,42
1425410146.16,SAMPLE,heart_rate,79
1425410146.16,SAMPLE,activity,0.0
1425410146.61,SAMPLE,heartbeat_interval,0.72000002861
1425410146.93,SAMPLE,strides,42
1425410146.93,SAMPLE,heart_rate,80
1425410146.93,SAMPLE,activity,0.0
1425410147.32,SAMPLE,heartbeat_interval,0.700000047684
1425410148.01,SAMPLE,strides,42
1425410148.01,SAMPLE,heart_rate,80
1425410148.01,SAMPLE,activity,0.0
1425410148.28,SAMPLE,heartbeat_interval,0.699999809265
1425410148.69,SAMPLE,heartbeat_interval,0.680000066757
1425410149.4,SAMPLE,heartbeat_interval,0.711999893188
1425410149.49,SAMPLE,strides,42
1425410149.49,SAMPLE,heart_rate,81
1425410149.49,SAMPLE,activity,0.0
1425410149.86,SAMPLE,strides,42
1425410149.86,SAMPLE,heart_rate,81
1425410149.86,SAMPLE,activity,0.0
1425410150.17,SAMPLE,heartbeat_interval,0.768000125885
1425410150.97,SAMPLE,strides,42
1425410150.97,SAMPLE,heart_rate,81
1425410150.97,SAMPLE,activity,0.0
1425410151.01,SAMPLE,heartbeat_interval,0.839999914169
1425410151.85,SAMPLE,heartbeat_interval,0.840000152588
1425410152.08,SAMPLE,strides,42
1425410152.08,SAMPLE,heart_rate,81
1425410152.08,SAMPLE,activity,0.0
1425410152.63,SAMPLE,heartbeat_interval,0.783999919891
1425410152.82,SAMPLE,strides,42
1425410152.82,SAMPLE,heart_rate,79
1425410152.82,SAMPLE,activity,0.0
1425410153.46,SAMPLE,heartbeat_interval,0.828000068665
1425410153.93,SAMPLE,strides,42
1425410153.93,SAMPLE,heart_rate,79
1425410153.93,SAMPLE,activity,0.0
1425410154.32,SAMPLE,heartbeat_interval,0.855999946594
1425410155.04,SAMPLE,strides,42
1425410155.04,SAMPLE,heart_rate,78
1425410155.04,SAMPLE,activity,0.0
1425410155.31,SAMPLE,heartbeat_interval,0.835999965668
1425410155.92,SAMPLE,heartbeat_interval,0.768000125885
1425410156.51,SAMPLE,strides,42
1425410156.51,SAMPLE,heart_rate,77
1425410156.51,SAMPLE,activity,0.0
1425410156.68,SAMPLE,heartbeat_interval,0.763999938965
1425410156.89,SAMPLE,strides,42
1425410156.89,SAMPLE,heart_rate,77
1425410156.89,SAMPLE,activity,0.0
1425410157.44,SAMPLE,heartbeat_interval,0.751999855042
1425410158.0,SAMPLE,strides,42
1425410158.0,SAMPLE,heart_rate,77
1425410158.0,SAMPLE,activity,0.0
1425410158.18,SAMPLE,heartbeat_interval,0.748000144958
1425410158.91,SAMPLE,heartbeat_interval,0.731999874115
1425410159.11,SAMPLE,strides,42
1425410159.11,SAMPLE,heart_rate,78
1425410159.11,SAMPLE,activity,0.0
1425410159.65,SAMPLE,heartbeat_interval,0.732000112534
1425410159.85,SAMPLE,strides,42
1425410159.85,SAMPLE,heart_rate,78
1425410159.85,SAMPLE,activity,0.0
1425410160.43,SAMPLE,heartbeat_interval,0.776000022888
1425410160.96,SAMPLE,strides,42
1425410160.96,SAMPLE,heart_rate,78
1425410160.96,SAMPLE,activity,0.0
1425410161.22,SAMPLE,heartbeat_interval,0.796000003815
1425410162.01,SAMPLE,heartbeat_interval,0.787999868393
1425410162.07,SAMPLE,strides,42
1425410162.07,SAMPLE,heart_rate,78
1425410162.07,SAMPLE,activity,0.0
1425410162.78,SAMPLE,heartbeat_interval,0.768000125885
1425410162.81,SAMPLE,strides,42
1425410162.81,SAMPLE,heart_rate,78
1425410162.81,SAMPLE,activity,0.0
1425410163.6,SAMPLE,heartbeat_interval,0.823999881744
1425410163.92,SAMPLE,strides,42
1425410163.92,SAMPLE,heart_rate,78
1425410163.92,SAMPLE,activity,0.0
1425410164.46,SAMPLE,heartbeat_interval,0.851999998093
1425410165.03,SAMPLE,strides,42
1425410165.03,SAMPLE,heart_rate,77
1425410165.03,SAMPLE,activity,0.0
1425410165.25,SAMPLE,heartbeat_interval,0.788000106812
1425410165.97,SAMPLE,heartbeat_interval,0.727999925613
1425410166.14,SAMPLE,strides,42
1425410166.14,SAMPLE,heart_rate,77
1425410166.14,SAMPLE,activity,0.0
1425410166.7,SAMPLE,heartbeat_interval,0.732000112534
1425410166.88,SAMPLE,strides,42
1425410166.88,SAMPLE,heart_rate,77
1425410166.88,SAMPLE,activity,0.0
1425410167.43,SAMPLE,heartbeat_interval,0.723999977112
1425410167.99,SAMPLE,strides,42
1425410167.99,SAMPLE,heart_rate,78
1425410167.99,SAMPLE,activity,0.0
1425410168.15,SAMPLE,heartbeat_interval,0.723999977112
1425410168.86,SAMPLE,heartbeat_interval,0.716000080109
1425410169.09,SAMPLE,strides,42
1425410169.09,SAMPLE,heart_rate,79
1425410169.1,SAMPLE,activity,0.0
1425410169.59,SAMPLE,heartbeat_interval,0.723999977112
1425410169.84,SAMPLE,strides,42
1425410169.84,SAMPLE,heart_rate,79
1425410169.84,SAMPLE,activity,0.0
1425410170.35,SAMPLE,heartbeat_interval,0.763999938965
1425410170.95,SAMPLE,strides,42
1425410170.95,SAMPLE,heart_rate,79
1425410170.95,SAMPLE,activity,0.0
1425410171.15,SAMPLE,heartbeat_interval,0.792000055313
1425410171.96,SAMPLE,heartbeat_interval,0.773989677429
1425410172.06,SAMPLE,strides,42
1425410172.06,SAMPLE,heart_rate,79
1425410172.06,SAMPLE,activity,0.0
1425410172.66,SAMPLE,heartbeat_interval,0.740000009537
1425410173.17,SAMPLE,strides,42
1425410173.17,SAMPLE,heart_rate,79
1425410173.17,SAMPLE,activity,0.0
1425410173.45,SAMPLE,heartbeat_interval,0.785989761353
1425410173.91,SAMPLE,strides,42
1425410173.91,SAMPLE,heart_rate,79
1425410173.91,SAMPLE,activity,0.0
1425410174.25,SAMPLE,heartbeat_interval,0.797989606857
1425410175.02,SAMPLE,strides,42
1425410175.02,SAMPLE,heart_rate,79
1425410175.02,SAMPLE,activity,0.0
1425410175.03,SAMPLE,heartbeat_interval,0.777990102768
1425410175.75,SAMPLE,heartbeat_interval,0.727999925613
1425410176.12,SAMPLE,strides,42
1425410176.12,SAMPLE,heart_rate,79
1425410176.12,SAMPLE,activity,0.0
1425410176.5,SAMPLE,heartbeat_interval,0.7459897995
1425410176.87,SAMPLE,strides,42
1425410176.87,SAMPLE,heart_rate,79
1425410176.87,SAMPLE,activity,0.0
1425410177.24,SAMPLE,heartbeat_interval,0.74799990654
1425410177.98,SAMPLE,strides,42
1425410177.98,SAMPLE,heartbeat_interval,0.736000061035
1425410177.98,SAMPLE,heart_rate,79
1425410177.98,SAMPLE,activity,0.0
1425410178.7,SAMPLE,heartbeat_interval,0.716000080109
1425410179.08,SAMPLE,strides,42
1425410179.08,SAMPLE,heart_rate,79
1425410179.09,SAMPLE,activity,0.0
1425410179.42,SAMPLE,heartbeat_interval,0.723999977112
1425410180.16,SAMPLE,heartbeat_interval,0.74799990654
1425410180.2,SAMPLE,strides,42
1425410180.2,SAMPLE,heart_rate,80
1425410180.2,SAMPLE,activity,0.0
1425410180.92,SAMPLE,heartbeat_interval,0.759999990463
1425410180.94,SAMPLE,strides,42
1425410180.94,SAMPLE,heart_rate,80
1425410180.94,SAMPLE,activity,0.0
1425410181.68,SAMPLE,heartbeat_interval,0.756000041962
1425410182.05,SAMPLE,strides,42
1425410182.05,SAMPLE,heart_rate,80
1425410182.05,SAMPLE,activity,0.0
1425410182.42,SAMPLE,heartbeat_interval,0.736000061035
1425410182.78,SAMPLE,strides,42
1425410182.78,SAMPLE,heart_rate,80
1425410182.78,SAMPLE,activity,0.0
1425410183.18,SAMPLE,heartbeat_interval,0.756000041962
1425410183.9,SAMPLE,strides,42
1425410183.9,SAMPLE,heart_rate,80
1425410183.9,SAMPLE,activity,0.0
1425410183.94,SAMPLE,heartbeat_interval,0.759999990463
1425410184.69,SAMPLE,heartbeat_interval,0.756000041962
1425410185.01,SAMPLE,strides,42
1425410185.01,SAMPLE,heart_rate,80
1425410185.01,SAMPLE,activity,0.0
1425410185.41,SAMPLE,heartbeat_interval,0.723999977112
1425410186.12,SAMPLE,strides,42
1425410186.12,SAMPLE,heart_rate,80
1425410186.12,SAMPLE,activity,0.0
1425410186.17,SAMPLE,heartbeat_interval,0.755999803543
1425410186.86,SAMPLE,strides,42
1425410186.86,SAMPLE,heart_rate,80
1425410186.86,SAMPLE,activity,0.0
1425410186.93,SAMPLE,heartbeat_interval,0.756000041962
1425410187.7,SAMPLE,heartbeat_interval,0.768000125885
1425410187.97,SAMPLE,strides,42
1425410187.97,SAMPLE,heart_rate,80
1425410187.97,SAMPLE,activity,0.0
1425410188.44,SAMPLE,heartbeat_interval,0.740000009537
1425410189.08,SAMPLE,strides,42
1425410189.08,SAMPLE,heart_rate,80
1425410189.08,SAMPLE,activity,0.0
1425410189.26,SAMPLE,heartbeat_interval,0.803999900818
1425410189.82,SAMPLE,strides,42
1425410189.82,SAMPLE,heart_rate,80
1425410189.82,SAMPLE,activity,0.0
1425410189.96,SAMPLE,heartbeat_interval,0.72000002861
1425410190.73,SAMPLE,heartbeat_interval,0.767999887466
1425410190.93,SAMPLE,strides,42
1425410190.93,SAMPLE,heart_rate,80
1425410190.93,SAMPLE,activity,0.0
1425410191.47,SAMPLE,heartbeat_interval,0.740000009537
1425410192.05,SAMPLE,strides,42
1425410192.05,SAMPLE,heart_rate,80
1425410192.05,SAMPLE,activity,0.0
1425410192.22,SAMPLE,heartbeat_interval,0.757092475891
1425410192.78,SAMPLE,strides,42
1425410192.78,SAMPLE,heart_rate,80
1425410192.78,SAMPLE,activity,0.0
1425410192.98,SAMPLE,heartbeat_interval,0.761092424393
1425410193.73,SAMPLE,heartbeat_interval,0.743999958038
1425410193.89,SAMPLE,strides,42
1425410193.89,SAMPLE,heart_rate,81
1425410193.89,SAMPLE,activity,0.0
1425410194.51,SAMPLE,heartbeat_interval,0.781092405319
1425410195.0,SAMPLE,strides,42
1425410195.0,SAMPLE,heart_rate,80
1425410195.0,SAMPLE,activity,0.0
1425410195.32,SAMPLE,heartbeat_interval,0.81309223175
1425410196.11,SAMPLE,strides,42
1425410196.11,SAMPLE,heart_rate,80
1425410196.11,SAMPLE,activity,0.0
1425410196.13,SAMPLE,heartbeat_interval,0.807941436768
1425410196.85,SAMPLE,strides,42
1425410196.85,SAMPLE,heart_rate,80
1425410196.85,SAMPLE,activity,0.0
1425410196.88,SAMPLE,heartbeat_interval,0.75200009346
1425410197.64,SAMPLE,heartbeat_interval,0.746848583221
1425410197.96,SAMPLE,strides,42
1425410197.96,SAMPLE,heart_rate,80
1425410197.96,SAMPLE,activity,0.0
1425410198.38,SAMPLE,heartbeat_interval,0.746849060059
1425410199.06,SAMPLE,strides,42
1425410199.06,SAMPLE,heart_rate,80
1425410199.07,SAMPLE,activity,0.0
1425410199.11,SAMPLE,heartbeat_interval,0.73649430275
1425410199.81,SAMPLE,strides,42
1425410199.81,SAMPLE,heart_rate,80
1425410199.81,SAMPLE,activity,0.0
1425410199.83,SAMPLE,heartbeat_interval,0.711999893188
1425410200.55,SAMPLE,heartbeat_interval,0.720494508743
1425410200.92,SAMPLE,strides,42
1425410200.92,SAMPLE,heart_rate,80
1425410200.92,SAMPLE,activity,0.0
1425410201.29,SAMPLE,heartbeat_interval,0.741645812988
1425410202.03,SAMPLE,strides,42
1425410202.03,SAMPLE,heart_rate,80
1425410202.03,SAMPLE,activity,0.0
1425410202.04,SAMPLE,heartbeat_interval,0.749645233154
1425410202.73,SAMPLE,heartbeat_interval,0.696000099182
1425410202.77,SAMPLE,strides,42
1425410202.77,SAMPLE,heart_rate,80
1425410202.77,SAMPLE,activity,0.0
1425410203.41,SAMPLE,heartbeat_interval,0.673645496368
1425410203.88,SAMPLE,strides,42
1425410203.88,SAMPLE,heart_rate,81
1425410203.88,SAMPLE,activity,0.0
1425410204.17,SAMPLE,heartbeat_interval,0.764000177383
1425410204.94,SAMPLE,heartbeat_interval,0.776000022888
1425410204.99,SAMPLE,strides,42
1425410204.99,SAMPLE,heart_rate,81
1425410204.99,SAMPLE,activity,0.0
1425410205.79,SAMPLE,heartbeat_interval,0.839999914169
1425410206.1,SAMPLE,strides,42
1425410206.1,SAMPLE,heart_rate,81
1425410206.1,SAMPLE,activity,0.0
1425410206.66,SAMPLE,heartbeat_interval,0.864000082016
1425410206.84,SAMPLE,strides,42
1425410206.84,SAMPLE,heart_rate,80
1425410206.84,SAMPLE,activity,0.0
1425410207.5,SAMPLE,heartbeat_interval,0.851999998093
1425410207.95,SAMPLE,strides,42
1425410207.95,SAMPLE,heart_rate,79
1425410207.95,SAMPLE,activity,0.0
1425410208.32,SAMPLE,heartbeat_interval,0.823999881744
1425410209.05,SAMPLE,strides,42
1425410209.06,SAMPLE,heart_rate,78
1425410209.06,SAMPLE,activity,0.0
1425410209.11,SAMPLE,heartbeat_interval,0.791721343994
1425410209.8,SAMPLE,strides,42
1425410209.8,SAMPLE,heart_rate,77
1425410209.8,SAMPLE,activity,0.0
1425410209.91,SAMPLE,heartbeat_interval,0.792000055313
1425410210.66,SAMPLE,heartbeat_interval,0.751721382141
1425410210.91,SAMPLE,strides,42
1425410210.91,SAMPLE,heart_rate,77
1425410210.91,SAMPLE,activity,0.0
1425410211.43,SAMPLE,heartbeat_interval,0.763721227646
1425410212.02,SAMPLE,strides,42
1425410212.02,SAMPLE,heart_rate,77
1425410212.02,SAMPLE,activity,0.0
1425410212.19,SAMPLE,heartbeat_interval,0.763721704483
1425410212.76,SAMPLE,strides,42
1425410212.76,SAMPLE,heart_rate,77
1425410212.76,SAMPLE,activity,0.0
1425410212.97,SAMPLE,heartbeat_interval,0.775721311569
1425410213.79,SAMPLE,heartbeat_interval,0.81200003624
1425410213.87,SAMPLE,strides,42
1425410213.87,SAMPLE,heart_rate,77
1425410213.87,SAMPLE,activity,0.0
1425410214.6,SAMPLE,heartbeat_interval,0.828000068665
1425410214.98,SAMPLE,strides,42
1425410214.98,SAMPLE,heart_rate,76
1425410214.98,SAMPLE,activity,0.0
1425410215.44,SAMPLE,heartbeat_interval,0.835999965668
1425410216.09,SAMPLE,strides,42
1425410216.09,SAMPLE,heart_rate,76
1425410216.09,SAMPLE,activity,0.0
1425410216.3,SAMPLE,heartbeat_interval,0.855999946594
1425410216.83,SAMPLE,strides,42
1425410216.83,SAMPLE,heart_rate,75
1425410216.83,SAMPLE,activity,0.0
1425410217.15,SAMPLE,heartbeat_interval,0.851999998093
1425410217.94,SAMPLE,strides,42
1425410217.94,SAMPLE,heart_rate,75
1425410217.94,SAMPLE,activity,0.0
1425410217.98,SAMPLE,heartbeat_interval,0.835999965668
1425410218.81,SAMPLE,heartbeat_interval,0.820000171661
1425410219.05,SAMPLE,strides,42
1425410219.05,SAMPLE,heart_rate,74
1425410219.05,SAMPLE,activity,0.0
1425410219.63,SAMPLE,heartbeat_interval,0.819999933243
1425410219.79,SAMPLE,strides,42
1425410219.79,SAMPLE,heart_rate,74
1425410219.79,SAMPLE,activity,0.0
1425410220.44,SAMPLE,heartbeat_interval,0.81200003624
1425410220.9,SAMPLE,strides,42
1425410220.9,SAMPLE,heart_rate,74
1425410220.9,SAMPLE,activity,0.0
1425410221.26,SAMPLE,heartbeat_interval,0.823999881744
1425410222.0,SAMPLE,strides,42
1425410222.01,SAMPLE,heart_rate,74
1425410222.01,SAMPLE,activity,0.0
1425410222.1,SAMPLE,heartbeat_interval,0.840000152588
1425410222.95,SAMPLE,heartbeat_interval,0.839999914169
1425410223.12,SAMPLE,strides,42
1425410223.12,SAMPLE,heart_rate,74
1425410223.12,SAMPLE,activity,0.0
1425410223.78,SAMPLE,heartbeat_interval,0.835999965668
1425410223.86,SAMPLE,strides,42
1425410223.86,SAMPLE,heart_rate,74
1425410223.86,SAMPLE,activity,0.0
1425410224.6,SAMPLE,heartbeat_interval,0.824000120163
1425410224.97,SAMPLE,strides,42
1425410224.97,SAMPLE,heart_rate,73
1425410224.97,SAMPLE,activity,0.0
1425410225.39,SAMPLE,heartbeat_interval,0.791999816895
1425410226.07,SAMPLE,strides,42
1425410226.07,SAMPLE,heart_rate,73
1425410226.07,SAMPLE,activity,0.0
1425410226.19,SAMPLE,heartbeat_interval,0.796000003815
1425410226.82,SAMPLE,strides,42
1425410226.82,SAMPLE,heart_rate,74
1425410226.82,SAMPLE,activity,0.0
1425410227.0,SAMPLE,heartbeat_interval,0.808000087738
1425410227.84,SAMPLE,heartbeat_interval,0.815999984741
1425410227.93,SAMPLE,strides,42
1425410227.93,SAMPLE,heart_rate,74
1425410227.93,SAMPLE,activity,0.0
1425410228.62,SAMPLE,heartbeat_interval,0.808000087738
1425410229.04,SAMPLE,strides,42
1425410229.04,SAMPLE,heart_rate,74
1425410229.04,SAMPLE,activity,0.0
1425410229.39,SAMPLE,heartbeat_interval,0.763999938965
1425410229.78,SAMPLE,strides,42
1425410229.78,SAMPLE,heart_rate,74
1425410229.78,SAMPLE,activity,0.0
1425410230.19,SAMPLE,heartbeat_interval,0.799999952316
1425410230.89,SAMPLE,strides,42
1425410230.89,SAMPLE,heart_rate,74
1425410230.89,SAMPLE,activity,0.0
1425410230.99,SAMPLE,heartbeat_interval,0.804000139236
1425410231.91,SAMPLE,heartbeat_interval,0.843999862671
1425410232.0,SAMPLE,strides,42
1425410232.0,SAMPLE,heart_rate,74
1425410232.0,SAMPLE,activity,0.0
1425410232.65,SAMPLE,heartbeat_interval,0.815999984741
1425410233.1,SAMPLE,strides,42
1425410233.1,SAMPLE,heart_rate,74
1425410233.1,SAMPLE,activity,0.0
1425410233.42,SAMPLE,heartbeat_interval,0.776000022888
1425410233.85,SAMPLE,strides,42
1425410233.85,SAMPLE,heart_rate,74
1425410233.85,SAMPLE,activity,0.0
1425410234.22,SAMPLE,heartbeat_interval,0.796000003815
1425410234.96,SAMPLE,strides,42
1425410234.96,SAMPLE,heart_rate,74
1425410234.96,SAMPLE,activity,0.0
1425410235.01,SAMPLE,heartbeat_interval,0.796000003815
1425410235.8,SAMPLE,heartbeat_interval,0.77999997139
1425410236.07,SAMPLE,strides,42
1425410236.07,SAMPLE,heart_rate,75
1425410236.07,SAMPLE,activity,0.0
1425410236.55,SAMPLE,heartbeat_interval,0.75200009346
1425410236.81,SAMPLE,strides,42
1425410236.81,SAMPLE,heart_rate,75
1425410236.81,SAMPLE,activity,0.0
1425410237.34,SAMPLE,heartbeat_interval,0.77999997139
1425410237.92,SAMPLE,strides,42
1425410237.92,SAMPLE,heart_rate,75
1425410237.92,SAMPLE,activity,0.0
1425410238.15,SAMPLE,heartbeat_interval,0.815999984741
1425410238.96,SAMPLE,heartbeat_interval,0.813360929489
1425410239.03,SAMPLE,strides,42
1425410239.03,SAMPLE,heart_rate,75
1425410239.03,SAMPLE,activity,0.0
1425410239.72,SAMPLE,heartbeat_interval,0.756000041962
1425410239.77,SAMPLE,strides,42
1425410239.77,SAMPLE,heart_rate,75
1425410239.77,SAMPLE,activity,0.0
1425410240.53,SAMPLE,heartbeat_interval,0.817360401154
1425410240.88,SAMPLE,strides,42
1425410240.88,SAMPLE,heart_rate,75
1425410240.88,SAMPLE,activity,0.0
1425410241.36,SAMPLE,heartbeat_interval,0.829360961914
1425410241.99,SAMPLE,strides,42
1425410241.99,SAMPLE,heart_rate,75
1425410241.99,SAMPLE,activity,0.0
1425410242.19,SAMPLE,heartbeat_interval,0.821360588074
1425410243.01,SAMPLE,heartbeat_interval,0.789361000061
1425410243.09,SAMPLE,strides,42
1425410243.09,SAMPLE,heart_rate,75
1425410243.09,SAMPLE,activity,0.0
1425410243.77,SAMPLE,heartbeat_interval,0.796000003815
1425410244.21,SAMPLE,strides,42
1425410244.21,SAMPLE,heart_rate,75
1425410244.21,SAMPLE,activity,0.0
1425410244.63,SAMPLE,heartbeat_interval,0.855999946594
1425410244.95,SAMPLE,strides,42
1425410244.95,SAMPLE,heart_rate,75
1425410244.95,SAMPLE,activity,0.0
1425410245.5,SAMPLE,heartbeat_interval,0.868000030518
1425410246.05,SAMPLE,strides,42
1425410246.05,SAMPLE,heart_rate,75
1425410246.05,SAMPLE,activity,0.0
1425410246.3,SAMPLE,heartbeat_interval,0.808000087738
1425410246.8,SAMPLE,strides,42
1425410246.8,SAMPLE,heart_rate,74
1425410246.8,SAMPLE,activity,0.0
1425410247.08,SAMPLE,heartbeat_interval,0.771999835968
1425410247.9,SAMPLE,heartbeat_interval,0.824000120163
1425410247.91,SAMPLE,strides,42
1425410247.91,SAMPLE,heart_rate,75
1425410247.91,SAMPLE,activity,0.0
1425410248.75,SAMPLE,heartbeat_interval,0.848000049591
1425410249.01,SAMPLE,strides,42
1425410249.01,SAMPLE,heart_rate,75
1425410249.01,SAMPLE,activity,0.0
1425410249.61,SAMPLE,heartbeat_interval,0.855999946594
1425410249.76,SAMPLE,strides,42
1425410249.76,SAMPLE,heart_rate,74
1425410249.76,SAMPLE,activity,0.0
1425410250.41,SAMPLE,heartbeat_interval,0.808000087738
1425410251.24,SAMPLE,strides,42
1425410251.24,SAMPLE,heart_rate,74
1425410251.24,SAMPLE,activity,0.0
1425410251.27,SAMPLE,heartbeat_interval,0.859999895096
1425410251.98,SAMPLE,strides,42
1425410251.98,SAMPLE,heart_rate,74
1425410251.98,SAMPLE,activity,0.0
1425410252.17,SAMPLE,heartbeat_interval,0.907999992371
1425410253.01,SAMPLE,heartbeat_interval,0.829704046249
1425410253.09,SAMPLE,strides,42
1425410253.09,SAMPLE,heart_rate,73
1425410253.09,SAMPLE,activity,0.0
1425410253.83,SAMPLE,strides,42
1425410253.83,SAMPLE,heart_rate,73
1425410253.83,SAMPLE,activity,0.0
1425410253.84,SAMPLE,heartbeat_interval,0.832000017166
1425410254.69,SAMPLE,heartbeat_interval,0.849704027176
1425410254.94,SAMPLE,strides,42
1425410254.94,SAMPLE,heart_rate,73
1425410254.94,SAMPLE,activity,0.0
1425410255.53,SAMPLE,heartbeat_interval,0.833703994751
1425410256.05,SAMPLE,strides,42
1425410256.05,SAMPLE,heart_rate,73
1425410256.05,SAMPLE,activity,0.0
1425410256.32,SAMPLE,heartbeat_interval,0.789704084396
1425410256.79,SAMPLE,strides,42
1425410256.79,SAMPLE,heart_rate,73
1425410256.79,SAMPLE,activity,0.0
1425410257.11,SAMPLE,heartbeat_interval,0.789703845978
1425410257.9,SAMPLE,strides,42
1425410257.9,SAMPLE,heart_rate,73
1425410257.9,SAMPLE,activity,0.0
1425410257.92,SAMPLE,heartbeat_interval,0.815999984741
1425410258.73,SAMPLE,heartbeat_interval,0.807999849319
1425410259.01,SAMPLE,strides,42
1425410259.01,SAMPLE,heart_rate,73
1425410259.01,SAMPLE,activity,0.0
1425410259.52,SAMPLE,heartbeat_interval,0.78400015831
1425410259.75,SAMPLE,strides,42
1425410259.75,SAMPLE,heart_rate,73
1425410259.75,SAMPLE,activity,0.0
1425410260.29,SAMPLE,heartbeat_interval,0.787999868393
1425410260.86,SAMPLE,strides,42
1425410260.86,SAMPLE,heart_rate,74
1425410260.86,SAMPLE,activity,0.0
1425410261.13,SAMPLE,heartbeat_interval,0.832000017166
1425410261.97,SAMPLE,strides,42
1425410261.97,SAMPLE,heartbeat_interval,0.839999914169
1425410261.97,SAMPLE,heart_rate,74
1425410261.97,SAMPLE,activity,0.0
1425410262.77,SAMPLE,heartbeat_interval,0.796000003815
1425410263.08,SAMPLE,strides,42
1425410263.08,SAMPLE,heart_rate,74
1425410263.08,SAMPLE,activity,0.0
1425410263.53,SAMPLE,heartbeat_interval,0.764000177383
1425410263.82,SAMPLE,strides,42
1425410263.82,SAMPLE,heart_rate,74
1425410263.82,SAMPLE,activity,0.0
1425410264.32,SAMPLE,heartbeat_interval,0.783999919891
1425410264.93,SAMPLE,strides,42
1425410264.93,SAMPLE,heart_rate,74
1425410264.93,SAMPLE,activity,0.0
1425410265.09,SAMPLE,heartbeat_interval,0.776000022888
1425410265.86,SAMPLE,heartbeat_interval,0.772000074387
1425410266.03,SAMPLE,strides,42
1425410266.03,SAMPLE,heart_rate,75
1425410266.04,SAMPLE,activity,0.0
1425410266.61,SAMPLE,heartbeat_interval,0.755999803543
1425410266.78,SAMPLE,strides,42
1425410266.78,SAMPLE,heart_rate,75
1425410266.78,SAMPLE,activity,0.0
1425410267.4,SAMPLE,heartbeat_interval,0.788000106812
1425410267.89,SAMPLE,strides,42
1425410267.89,SAMPLE,heart_rate,75
1425410267.89,SAMPLE,activity,0.0
1425410268.19,SAMPLE,heartbeat_interval,0.783999919891
1425410268.97,SAMPLE,heartbeat_interval,0.77999997139
1425410269.01,SAMPLE,strides,42
1425410269.01,SAMPLE,heart_rate,75
1425410269.01,SAMPLE,activity,0.0
1425410269.7,SAMPLE,heartbeat_interval,0.736000061035
1425410269.74,SAMPLE,strides,42
1425410269.74,SAMPLE,heart_rate,76
1425410269.74,SAMPLE,activity,0.0
1425410270.43,SAMPLE,heartbeat_interval,0.727999925613
1425410270.85,SAMPLE,strides,42
1425410270.85,SAMPLE,heart_rate,76
1425410270.85,SAMPLE,activity,0.0
1425410271.17,SAMPLE,heartbeat_interval,0.728000164032
1425410271.89,SAMPLE,heartbeat_interval,0.727999925613
1425410271.96,SAMPLE,strides,42
1425410271.96,SAMPLE,heart_rate,77
1425410271.96,SAMPLE,activity,0.0
1425410272.58,SAMPLE,heartbeat_interval,0.691999912262
1425410273.07,SAMPLE,strides,42
1425410273.07,SAMPLE,heart_rate,78
1425410273.07,SAMPLE,activity,0.0
1425410273.28,SAMPLE,heartbeat_interval,0.700000047684
1425410273.81,SAMPLE,strides,42
1425410273.81,SAMPLE,heart_rate,79
1425410273.81,SAMPLE,activity,0.0
1425410274.02,SAMPLE,heartbeat_interval,0.732000112534
1425410274.75,SAMPLE,heartbeat_interval,0.736000061035
1425410274.92,SAMPLE,strides,42
1425410274.92,SAMPLE,heart_rate,79
1425410274.92,SAMPLE,activity,0.0
1425410275.51,SAMPLE,heartbeat_interval,0.767999887466
1425410276.04,SAMPLE,strides,42
1425410276.04,SAMPLE,heart_rate,79
1425410276.04,SAMPLE,activity,0.0
1425410276.28,SAMPLE,heartbeat_interval,0.756000041962
1425410276.77,SAMPLE,strides,42
1425410276.77,SAMPLE,heart_rate,79
1425410276.77,SAMPLE,activity,0.0
1425410277.02,SAMPLE,heartbeat_interval,0.74799990654
1425410277.79,SAMPLE,heartbeat_interval,0.768000125885
1425410277.88,SAMPLE,strides,42
1425410277.88,SAMPLE,heart_rate,79
1425410277.88,SAMPLE,activity,0.0
1425410278.56,SAMPLE,heartbeat_interval,0.763999938965
1425410279.0,SAMPLE,strides,42
1425410279.0,SAMPLE,heart_rate,79
1425410279.0,SAMPLE,activity,0.0
